Employee.ID,Designation,Type.of.Leave_Absent,Type.of.Leave_Casual Leave,Type.of.Leave_Casual Leave Confirmed COE,Type.of.Leave_Earned Leave,Type.of.Leave_Earned Leave Confirmed COE,Type.of.Leave_LWP,Type.of.Leave_Sick Leave,Leave.applied.for.no..of.days,Date.of.joining.the.company,Status.of.Leave_Absent,Status.of.Leave_Approved,Status.of.Leave_Rejected,From.my,To.my
VHR029,Forex Trader,0,0,0,1,0,0,0,1,11-02-2015,0,1,0,32017,32017
VHR029,Forex Trader,0,1,0,0,0,0,0,1,11-02-2015,0,1,0,42017,42017
VHR029,Forex Trader,0,0,0,1,0,0,0,3,11-02-2015,0,1,0,22017,22017
VHR029,Forex Trader,0,0,0,1,0,0,0,1,11-02-2015,0,1,0,12017,12017
VHR030,Forex Trader,0,0,0,1,0,0,0,1,11-02-2015,0,1,0,32017,32017
VHR030,Forex Trader,0,1,0,0,0,0,0,0.5,11-02-2015,0,1,0,12017,12017
VHR030,Forex Trader,0,1,0,0,0,0,0,0.5,11-02-2015,0,1,0,12017,12017
VHR030,Forex Trader,0,0,0,0,0,1,0,2,11-02-2015,0,1,0,42017,42017
VHR030,Forex Trader,0,0,0,1,0,0,0,4,11-02-2015,0,1,0,22017,22017
VHR031,Forex Trader,0,0,0,1,0,0,0,1,11-02-2015,0,1,0,32017,32017
VHR031,Forex Trader,0,0,0,1,0,0,0,1,11-02-2015,0,1,0,52017,52017
VHR031,Forex Trader,0,1,0,0,0,0,0,1,11-02-2015,0,1,0,42017,42017
VHR031,Forex Trader,0,0,0,1,0,0,0,1,11-02-2015,0,1,0,22017,22017
VHR031,Forex Trader,0,1,0,0,0,0,0,0.5,11-02-2015,0,1,0,22017,22017
VHR032,Forex Trader,0,0,0,1,0,0,0,4,11-02-2015,0,1,0,32017,32017
VHR032,Forex Trader,0,0,0,1,0,0,0,0.5,11-02-2015,0,1,0,32017,32017
VHR032,Forex Trader,0,1,0,0,0,0,0,0.5,11-02-2015,0,1,0,32017,32017
VHR032,Forex Trader,0,1,0,0,0,0,0,0.5,11-02-2015,0,1,0,12017,12017
VHR033,Forex Trader,0,1,0,0,0,0,0,0.5,16-02-2015,0,1,0,32017,32017
VHR033,Forex Trader,0,0,0,1,0,0,0,3,16-02-2015,0,1,0,22017,22017
VHR033,Forex Trader,0,0,0,1,0,0,0,1,16-02-2015,0,1,0,22017,22017
VHR035,Forex Trader,0,0,0,1,0,0,0,3,16-02-2015,0,1,0,32017,32017
VHR035,Forex Trader,0,0,0,1,0,0,0,1,16-02-2015,0,1,0,22017,22017
VHR039,Forex Trader,0,0,0,1,0,0,0,1,01-04-2015,0,1,0,12017,12017
VHR039,Forex Trader,0,0,0,1,0,0,0,1,01-04-2015,0,1,0,32017,32017
VHR039,Forex Trader,0,0,0,1,0,0,0,1,01-04-2015,0,1,0,52017,52017
VHR039,Forex Trader,0,0,0,1,0,0,0,4,01-04-2015,0,1,0,22017,22017
VHR039,Forex Trader,0,0,0,1,0,0,0,1,01-04-2015,0,1,0,12017,12017
VHR122,Trainee Dealer,0,0,0,1,0,0,0,2,15-06-2015,0,1,0,52017,52017
VHR122,Trainee Dealer,0,1,0,0,0,0,0,0.5,15-06-2015,0,1,0,32017,32017
VHR122,Trainee Dealer,0,0,0,1,0,0,0,0.5,15-06-2015,0,1,0,22017,22017
VHR126,Trainee Dealer,1,0,0,0,0,0,0,1,20-07-2015,1,0,0,12017,12017
VHR126,Trainee Dealer,1,0,0,0,0,0,0,2,20-07-2015,1,0,0,22017,22017
VHR126,Trainee Dealer,1,0,0,0,0,0,0,1,20-07-2015,1,0,0,22017,22017
VHR126,Trainee Dealer,1,0,0,0,0,0,0,0.5,20-07-2015,1,0,0,22017,22017
VHR126,Trainee Dealer,1,0,0,0,0,0,0,2,20-07-2015,1,0,0,22017,22017
VHR126,Trainee Dealer,1,0,0,0,0,0,0,0.5,20-07-2015,1,0,0,42017,42017
VHR124,Trainee Dealer,0,0,0,1,0,0,0,2,20-07-2015,0,0,1,22017,22017
VHR124,Trainee Dealer,0,0,0,1,0,0,0,1,20-07-2015,0,0,1,32017,32017
VHR124,Trainee Dealer,0,1,0,0,0,0,0,0.5,20-07-2015,0,1,0,42017,42017
VHR124,Trainee Dealer,0,1,0,0,0,0,0,0.5,20-07-2015,0,1,0,42017,42017
VHR124,Trainee Dealer,0,1,0,0,0,0,0,2,20-07-2015,0,1,0,42017,42017
VHR124,Trainee Dealer,0,0,0,1,0,0,0,1,15-06-2015,0,1,0,52017,52017
VHR123,Trainee Dealer,0,0,0,0,0,0,1,0.5,15-06-2015,0,1,0,32017,32017
VHR123,Trainee Dealer,0,0,0,1,0,0,0,1,15-06-2015,0,1,0,52017,52017
VHR123,Trainee Dealer,0,0,0,1,0,0,0,1,15-06-2015,0,1,0,52017,52017
VHR123,Trainee Dealer,0,0,0,1,0,0,0,1,15-06-2015,0,1,0,52017,52017
VHR123,Trainee Dealer,0,1,0,0,0,0,0,1,15-06-2015,0,1,0,12017,12017
VHR123,Trainee Dealer,0,0,0,0,0,1,0,1,15-06-2015,0,1,0,52017,52017
VHR123,Trainee Dealer,0,0,0,1,0,0,0,2,15-06-2015,0,1,0,22017,22017
VHR123,Trainee Dealer,0,0,0,1,0,0,0,1,15-06-2015,0,1,0,12017,12017
VHR123,Trainee Dealer,0,0,0,0,0,1,0,0.5,15-06-2015,0,1,0,12017,12017
VHR127,Trainee Dealer,0,0,0,1,0,0,0,1,24-09-2015,0,1,0,42017,42017
VHR127,Trainee Dealer,0,0,0,1,0,0,0,1,24-09-2015,0,1,0,32017,32017
VHR127,Trainee Dealer,0,0,0,1,0,0,0,2,24-09-2015,0,1,0,52017,52017
VHR127,Trainee Dealer,0,0,0,1,0,0,0,1,24-09-2015,0,1,0,22017,22017
VHR127,Trainee Dealer,0,0,0,1,0,0,0,1,24-09-2015,0,1,0,12017,12017
VHR127,Trainee Dealer,0,1,0,0,0,0,0,0.5,24-09-2015,0,1,0,12017,12017
VHR128,Trainee Dealer,0,0,0,1,0,0,0,0.5,08-02-2016,0,1,0,42017,42017
VHR128,Trainee Dealer,0,0,0,1,0,0,0,4,08-02-2016,0,1,0,32017,32017
VHR128,Trainee Dealer,0,0,0,1,0,0,0,1,08-02-2016,0,1,0,12017,12017
VHR128,Trainee Dealer,0,1,0,0,0,0,0,0.5,08-02-2016,0,1,0,12017,12017
VHR135,Trainee Dealer,0,0,0,1,0,0,0,1,20-07-2015,0,1,0,32017,32017
VHR135,Trainee Dealer,0,0,0,1,0,0,0,1,20-07-2015,0,1,0,32017,32017
VHR135,Trainee Dealer,0,0,0,1,0,0,0,1,20-07-2015,0,1,0,32017,32017
VHR135,Trainee Dealer,0,0,0,0,0,1,0,4,20-07-2015,0,1,0,22017,22017
VHR135,Trainee Dealer,0,0,0,1,0,0,0,1,20-07-2015,0,1,0,22017,22017
VHR135,Trainee Dealer,0,1,0,0,0,0,0,0.5,20-07-2015,0,1,0,32017,32017
VHR135,Trainee Dealer,0,0,0,0,0,1,0,13,20-07-2015,0,1,0,42017,42017
VHR135,Trainee Dealer,0,0,0,0,0,0,1,1,20-07-2015,0,1,0,22017,22017
VHR135,Trainee Dealer,0,0,0,1,0,0,0,1,20-07-2015,0,1,0,22017,22017
VHR135,Trainee Dealer,0,1,0,0,0,0,0,0.5,20-07-2015,0,1,0,32017,32017
VHR135,Trainee Dealer,0,0,0,0,0,1,0,3,20-07-2015,0,1,0,22017,22017
VHR135,Trainee Dealer,0,0,0,0,0,1,0,2,20-07-2015,0,1,0,12017,12017
VHR135,Trainee Dealer,0,0,0,0,0,1,0,3,20-07-2015,0,1,0,12017,12017
VHR135,Trainee Dealer,0,0,0,0,0,0,1,0.5,20-07-2015,0,1,0,52017,52017
VHR135,Trainee Dealer,0,0,0,1,0,0,0,3,20-07-2015,0,1,0,52017,52017
VHR136,Trainee Dealer,0,0,0,1,0,0,0,1,11-01-2016,0,1,0,42017,42017
VHR136,Trainee Dealer,0,0,0,1,0,0,0,1,11-01-2016,0,1,0,52017,52017
VHR136,Trainee Dealer,0,0,0,1,0,0,0,1,11-01-2016,0,1,0,52017,52017
VHR136,Trainee Dealer,0,1,0,0,0,0,0,0.5,11-01-2016,0,1,0,52017,52017
VHR136,Trainee Dealer,0,0,0,0,0,0,1,0.5,11-01-2016,0,1,0,22017,22017
VHR136,Trainee Dealer,0,0,0,1,0,0,0,1,11-01-2016,0,1,0,22017,22017
VHR136,Trainee Dealer,0,0,0,1,0,0,0,1,11-01-2016,0,1,0,22017,22017
VHR136,Trainee Dealer,0,0,0,1,0,0,0,1,11-01-2016,0,1,0,12017,12017
VHR136,Trainee Dealer,0,0,0,1,0,0,0,1,11-01-2016,0,1,0,12017,12017
VHR136,Trainee Dealer,0,0,0,1,0,0,0,1,11-01-2016,0,1,0,32017,32017
VHR137,Trainee Dealer,0,0,0,1,0,0,0,1,15-06-2015,0,1,0,12017,12017
VHR137,Trainee Dealer,0,0,0,1,0,0,0,0.5,15-06-2015,0,1,0,12017,12017
VHR145,Trainee Dealer,0,0,0,1,0,0,0,1,15-06-2015,0,1,0,32017,32017
VHR153,Trainee Dealer,0,0,0,0,0,0,1,0.5,13-06-2015,0,1,0,42017,42017
VHR153,Trainee Dealer,0,0,0,1,0,0,0,1,13-06-2015,0,1,0,32017,32017
VHR153,Trainee Dealer,0,0,0,1,0,0,0,4,13-06-2015,0,1,0,52017,52017
VHR153,Trainee Dealer,0,1,0,0,0,0,0,1,13-06-2015,0,1,0,42017,42017
VHR159,Trainee Dealer,0,0,0,1,0,0,0,3,13-06-2015,0,1,0,12017,12017
VHR162,Trainee Dealer,0,0,0,1,0,0,0,0.5,13-06-2015,0,1,0,42017,42017
VHR162,Trainee Dealer,0,0,0,1,0,0,0,0.5,13-06-2015,0,1,0,32017,32017
VHR162,Trainee Dealer,0,0,0,1,0,0,0,1,13-06-2015,0,1,0,32017,32017
VHR162,Trainee Dealer,0,0,0,1,0,0,0,0.5,13-06-2015,0,1,0,32017,32017
VHR162,Trainee Dealer,0,1,0,0,0,0,0,1,13-06-2015,0,1,0,42017,42017
VHR162,Trainee Dealer,0,1,0,0,0,0,0,0.5,13-06-2015,0,1,0,12017,12017
VHR162,Trainee Dealer,0,0,0,0,0,1,0,1,13-06-2015,0,1,0,32017,32017
VHR162,Trainee Dealer,0,0,0,0,0,1,0,1,13-06-2015,0,1,0,52017,52017
VHR162,Trainee Dealer,0,1,0,0,0,0,0,0.5,13-06-2015,0,1,0,22017,22017
VHR162,Trainee Dealer,0,1,0,0,0,0,0,0.5,13-06-2015,0,1,0,22017,22017
VHR162,Trainee Dealer,0,1,0,0,0,0,0,1,13-06-2015,0,1,0,22017,22017
VHR162,Trainee Dealer,0,0,0,0,0,1,0,1,13-06-2015,0,1,0,22017,22017
VHR162,Trainee Dealer,0,0,0,0,0,1,0,1,13-06-2015,0,1,0,22017,22017
VHR162,Trainee Dealer,0,0,0,0,0,1,0,1,13-06-2015,0,1,0,22017,22017
VHR162,Trainee Dealer,0,0,0,0,0,1,0,1,13-06-2015,0,1,0,12017,12017
VHR143,Trainee Dealer,0,0,0,0,0,0,1,0.5,15-06-2015,0,1,0,42017,42017
VHR143,Trainee Dealer,0,0,0,1,0,0,0,1,15-06-2015,0,1,0,52017,52017
VHR143,Trainee Dealer,0,1,0,0,0,0,0,0.5,15-06-2015,0,1,0,32017,32017
VHR143,Trainee Dealer,0,0,0,1,0,0,0,1,15-06-2015,0,1,0,22017,22017
VHR143,Trainee Dealer,0,0,0,1,0,0,0,0.5,15-06-2015,0,1,0,22017,22017
VHR143,Trainee Dealer,0,0,0,1,0,0,0,1,15-06-2015,0,1,0,22017,22017
VHR143,Trainee Dealer,0,0,0,1,0,0,0,1,15-06-2015,0,1,0,12017,12017
VHR143,Trainee Dealer,0,0,0,1,0,0,0,1,15-06-2015,0,1,0,32017,32017
VHR143,Trainee Dealer,0,1,0,0,0,0,0,0.5,15-06-2015,0,1,0,12017,12017
VHR143,Trainee Dealer,0,1,0,0,0,0,0,1,15-06-2015,0,1,0,12017,12017
VHR161,Trainee Dealer,0,0,0,0,0,0,1,0.5,13-06-2015,0,1,0,52017,52017
VHR161,Trainee Dealer,0,0,0,1,0,0,0,0.5,13-06-2015,0,1,0,52017,52017
VHR161,Trainee Dealer,0,0,0,1,0,0,0,1,13-06-2015,0,1,0,52017,52017
VHR161,Trainee Dealer,0,0,0,0,0,0,1,0.5,13-06-2015,0,1,0,122016,122016
VHR161,Trainee Dealer,0,0,0,1,0,0,0,1,13-06-2015,0,1,0,22017,22017
VHR161,Trainee Dealer,0,1,0,0,0,0,0,0.5,13-06-2015,0,1,0,12017,12017
VHR161,Trainee Dealer,0,0,0,0,0,1,0,1,13-06-2015,0,1,0,122016,122016
VHR161,Trainee Dealer,0,0,0,0,0,1,0,1,13-06-2015,0,1,0,22017,22017
VHR161,Trainee Dealer,0,0,0,0,0,1,0,1,13-06-2015,0,1,0,22017,22017
VHR144,Trainee Dealer,0,0,0,1,0,0,0,0.5,15-06-2015,0,1,0,42017,42017
VHR144,Trainee Dealer,0,0,0,1,0,0,0,1,15-06-2015,0,1,0,42017,42017
VHR144,Trainee Dealer,0,1,0,0,0,0,0,1,15-06-2015,0,1,0,42017,42017
VHR144,Trainee Dealer,0,1,0,0,0,0,0,0.5,15-06-2015,0,1,0,42017,42017
VHR144,Trainee Dealer,0,0,0,0,0,1,0,1,15-06-2015,0,1,0,122016,122016
VHR144,Trainee Dealer,0,0,0,0,0,1,0,0.5,15-06-2015,0,1,0,22017,22017
VHR144,Trainee Dealer,0,0,0,0,0,1,0,0.5,15-06-2015,0,1,0,22017,22017
VHR144,Trainee Dealer,0,0,0,0,0,1,0,1,15-06-2015,0,1,0,12017,12017
VHR144,Trainee Dealer,0,0,0,0,0,1,0,0.5,15-06-2015,0,1,0,12017,12017
VHR165,Trainee Dealer,0,0,0,0,0,0,1,0.5,17-08-2015,0,1,0,42017,42017
VHR165,Trainee Dealer,0,0,0,0,0,0,1,1,17-08-2015,0,1,0,42017,42017
VHR165,Trainee Dealer,0,0,0,1,0,0,0,5,17-08-2015,0,1,0,52017,52017
VHR165,Trainee Dealer,0,0,0,1,0,0,0,1,17-08-2015,0,1,0,122016,122016
VHR165,Trainee Dealer,0,0,0,0,0,1,0,1.5,17-08-2015,0,1,0,122016,122016
VHR165,Trainee Dealer,0,0,0,0,0,1,0,3,17-08-2015,0,1,0,12017,12017
VHR141,Trainee Dealer,0,0,0,0,0,0,1,2,15-06-2015,0,1,0,42017,42017
VHR141,Trainee Dealer,0,0,0,1,0,0,0,3,15-06-2015,0,1,0,32017,32017
VHR141,Trainee Dealer,0,0,0,1,0,0,0,1,15-06-2015,0,1,0,32017,32017
VHR141,Trainee Dealer,0,0,0,0,0,1,0,8,15-06-2015,0,1,0,42017,42017
VHR141,Trainee Dealer,0,0,0,1,0,0,0,1,15-06-2015,0,1,0,12017,12017
VHR141,Trainee Dealer,0,0,0,0,0,1,0,1.5,15-06-2015,0,1,0,12017,12017
VHR141,Trainee Dealer,0,0,0,0,0,1,0,1.5,15-06-2015,0,1,0,12017,12017
VHR141,Trainee Dealer,0,0,0,0,0,1,0,3,15-06-2015,0,1,0,12017,12017
VHR158,Trainee Dealer,0,0,0,1,0,0,0,2,13-06-2015,0,1,0,22017,22017
VHR163,Trainee Dealer,0,0,0,1,0,0,0,0.5,13-06-2015,0,1,0,42017,42017
VHR163,Trainee Dealer,0,0,0,1,0,0,0,1,13-06-2015,0,1,0,42017,42017
VHR163,Trainee Dealer,0,0,0,1,0,0,0,1,13-06-2015,0,1,0,32017,32017
VHR163,Trainee Dealer,0,0,0,1,0,0,0,1,13-06-2015,0,1,0,52017,52017
VHR163,Trainee Dealer,0,0,0,1,0,0,0,0.5,13-06-2015,0,1,0,52017,52017
VHR163,Trainee Dealer,0,1,0,0,0,0,0,1,13-06-2015,0,1,0,22017,22017
VHR163,Trainee Dealer,0,0,0,1,0,0,0,1,13-06-2015,0,1,0,52017,52017
VHR155,Trainee Dealer,0,0,0,0,0,0,1,0.5,13-06-2015,0,1,0,42017,42017
VHR155,Trainee Dealer,0,0,0,0,0,0,1,0.5,13-06-2015,0,1,0,32017,32017
VHR155,Trainee Dealer,0,0,0,1,0,0,0,1,13-06-2015,0,1,0,22017,22017
VHR155,Trainee Dealer,0,0,0,1,0,0,0,0.5,13-06-2015,0,1,0,32017,32017
VHR155,Trainee Dealer,0,0,0,1,0,0,0,0.5,13-06-2015,0,1,0,52017,52017
VHR155,Trainee Dealer,0,0,0,1,0,0,0,0.5,13-06-2015,0,1,0,52017,52017
VHR155,Trainee Dealer,0,1,0,0,0,0,0,1,13-06-2015,0,1,0,42017,42017
VHR155,Trainee Dealer,0,1,0,0,0,0,0,1,13-06-2015,0,1,0,42017,42017
VHR155,Trainee Dealer,0,0,0,1,0,0,0,0.5,13-06-2015,0,1,0,22017,22017
VHR155,Trainee Dealer,0,0,0,0,0,1,0,1,13-06-2015,0,1,0,12017,12017
VHR147,Trainee Dealer,0,0,0,1,0,0,0,0.5,15-06-2015,0,1,0,42017,42017
VHR147,Trainee Dealer,0,0,0,1,0,0,0,1,15-06-2015,0,1,0,42017,42017
VHR147,Trainee Dealer,0,0,0,1,0,0,0,4,15-06-2015,0,1,0,52017,52017
VHR147,Trainee Dealer,0,0,0,1,0,0,0,1,15-06-2015,0,1,0,22017,22017
VHR147,Trainee Dealer,0,0,0,1,0,0,0,0.5,15-06-2015,0,1,0,12017,12017
VHR147,Trainee Dealer,0,0,0,1,0,0,0,2,15-06-2015,0,1,0,12017,12017
VHR148,Trainee Dealer,0,0,0,0,0,0,1,1,15-06-2015,0,1,0,42017,42017
VHR148,Trainee Dealer,0,0,0,1,0,0,0,2,15-06-2015,0,1,0,42017,42017
VHR148,Trainee Dealer,0,0,0,1,0,0,0,1,15-06-2015,0,1,0,52017,52017
VHR148,Trainee Dealer,0,0,0,1,0,0,0,1,15-06-2015,0,1,0,52017,52017
VHR148,Trainee Dealer,0,1,0,0,0,0,0,1,15-06-2015,0,1,0,52017,52017
VHR148,Trainee Dealer,0,0,0,1,0,0,0,3,15-06-2015,0,1,0,122016,122016
VHR148,Trainee Dealer,0,0,0,1,0,0,0,2,15-06-2015,0,1,0,22017,22017
VHR148,Trainee Dealer,0,0,0,1,0,0,0,1,15-06-2015,0,1,0,22017,22017
VHR149,Trainee Dealer,0,0,0,0,0,0,1,0.5,15-06-2015,0,1,0,32017,32017
VHR149,Trainee Dealer,0,0,0,1,0,0,0,0.5,15-06-2015,0,1,0,32017,32017
VHR149,Trainee Dealer,0,0,0,1,0,0,0,1,15-06-2015,0,1,0,32017,32017
VHR149,Trainee Dealer,0,0,0,1,0,0,0,0.5,15-06-2015,0,1,0,32017,32017
VHR149,Trainee Dealer,0,0,0,1,0,0,0,1,15-06-2015,0,1,0,32017,32017
VHR149,Trainee Dealer,0,0,0,1,0,0,0,0.5,15-06-2015,0,1,0,52017,52017
VHR149,Trainee Dealer,0,0,0,1,0,0,0,1,15-06-2015,0,1,0,52017,52017
VHR149,Trainee Dealer,0,0,0,1,0,0,0,0.5,15-06-2015,0,1,0,52017,52017
VHR149,Trainee Dealer,0,1,0,0,0,0,0,0.5,15-06-2015,0,1,0,52017,52017
VHR149,Trainee Dealer,0,0,0,0,0,1,0,4,15-06-2015,0,1,0,52017,52017
VHR149,Trainee Dealer,0,0,0,0,0,1,0,4,15-06-2015,0,1,0,52017,52017
VHR149,Trainee Dealer,0,0,0,0,0,0,1,0.5,15-06-2015,0,1,0,22017,22017
VHR149,Trainee Dealer,0,0,0,1,0,0,0,0.5,15-06-2015,0,1,0,12017,12017
VHR149,Trainee Dealer,0,0,0,1,0,0,0,0.5,15-06-2015,0,1,0,12017,12017
VHR149,Trainee Dealer,0,0,0,1,0,0,0,1,15-06-2015,0,1,0,12017,12017
VHR151,Trainee Dealer,0,0,0,0,0,0,1,0.5,15-06-2015,0,1,0,42017,42017
VHR151,Trainee Dealer,0,0,0,0,0,0,1,0.5,15-06-2015,0,1,0,32017,32017
VHR151,Trainee Dealer,0,0,0,1,0,0,0,1,15-06-2015,0,1,0,42017,42017
VHR151,Trainee Dealer,0,0,0,1,0,0,0,1,15-06-2015,0,1,0,32017,32017
VHR151,Trainee Dealer,0,0,0,1,0,0,0,0.5,15-06-2015,0,1,0,52017,52017
VHR151,Trainee Dealer,0,1,0,0,0,0,0,1,15-06-2015,0,1,0,42017,42017
VHR151,Trainee Dealer,0,1,0,0,0,0,0,0.5,15-06-2015,0,1,0,32017,32017
VHR151,Trainee Dealer,0,0,0,1,0,0,0,0.5,15-06-2015,0,1,0,12017,12017
VHR151,Trainee Dealer,0,1,0,0,0,0,0,0.5,15-06-2015,0,1,0,22017,22017
VHR152,Trainee Dealer,0,0,0,1,0,0,0,0.5,15-06-2015,0,1,0,22017,22017
VHR152,Trainee Dealer,0,0,0,1,0,0,0,3,15-06-2015,0,1,0,32017,32017
VHR152,Trainee Dealer,0,0,0,1,0,0,0,0.5,15-06-2015,0,1,0,32017,32017
VHR152,Trainee Dealer,0,0,0,1,0,0,0,0.5,15-06-2015,0,1,0,32017,32017
VHR152,Trainee Dealer,0,1,0,0,0,0,0,0.5,15-06-2015,0,1,0,32017,32017
VHR154,Trainee Dealer,0,0,0,1,0,0,0,0.5,13-06-2015,0,1,0,42017,42017
VHR154,Trainee Dealer,0,0,0,1,0,0,0,0.5,13-06-2015,0,1,0,42017,42017
VHR154,Trainee Dealer,0,0,0,1,0,0,0,0.5,13-06-2015,0,1,0,32017,32017
VHR154,Trainee Dealer,0,0,0,1,0,0,0,0.5,13-06-2015,0,1,0,32017,32017
VHR154,Trainee Dealer,0,0,0,1,0,0,0,0.5,13-06-2015,0,1,0,32017,32017
VHR154,Trainee Dealer,0,0,0,1,0,0,0,0.5,13-06-2015,0,1,0,52017,52017
VHR154,Trainee Dealer,0,0,0,1,0,0,0,0.5,13-06-2015,0,1,0,52017,52017
VHR154,Trainee Dealer,0,0,0,1,0,0,0,0.5,13-06-2015,0,1,0,52017,52017
VHR154,Trainee Dealer,0,0,0,1,0,0,0,0.5,13-06-2015,0,1,0,52017,52017
VHR154,Trainee Dealer,0,1,0,0,0,0,0,0.5,13-06-2015,0,1,0,42017,42017
VHR154,Trainee Dealer,0,1,0,0,0,0,0,0.5,13-06-2015,0,1,0,32017,32017
VHR154,Trainee Dealer,0,0,0,1,0,0,0,0.5,13-06-2015,0,1,0,12017,12017
VHR154,Trainee Dealer,0,0,0,1,0,0,0,0.5,13-06-2015,0,1,0,52017,52017
VHR182,Trainee Dealer,0,0,0,0,0,0,1,1,20-07-2015,0,1,0,42017,42017
VHR182,Trainee Dealer,0,0,0,1,0,0,0,1,20-07-2015,0,1,0,52017,52017
VHR182,Trainee Dealer,0,1,0,0,0,0,0,1,20-07-2015,0,1,0,42017,42017
VHR182,Trainee Dealer,0,0,0,1,0,0,0,0.5,20-07-2015,0,1,0,12017,12017
VHR182,Trainee Dealer,0,0,0,1,0,0,0,2,20-07-2015,0,1,0,12017,12017
VHR194,Trainee Dealer,0,1,0,0,0,0,0,1,01-03-2016,0,1,0,42017,42017
VHR191,Trainee Dealer,0,0,0,1,0,0,0,8,20-07-2015,0,1,0,52017,52017
VHR191,Trainee Dealer,0,0,0,1,0,0,0,1,20-07-2015,0,1,0,12017,12017
VHR190,Trainee Dealer,0,0,0,0,0,0,1,0.5,20-07-2015,0,1,0,42017,42017
VHR190,Trainee Dealer,0,0,0,1,0,0,0,0.5,20-07-2015,0,1,0,42017,42017
VHR190,Trainee Dealer,0,0,0,1,0,0,0,0.5,20-07-2015,0,1,0,42017,42017
VHR190,Trainee Dealer,0,0,0,1,0,0,0,1,20-07-2015,0,1,0,42017,42017
VHR190,Trainee Dealer,0,0,0,1,0,0,0,0.5,20-07-2015,0,1,0,32017,32017
VHR190,Trainee Dealer,0,0,0,1,0,0,0,0.5,20-07-2015,0,1,0,32017,32017
VHR190,Trainee Dealer,0,0,0,1,0,0,0,1,20-07-2015,0,1,0,32017,32017
VHR190,Trainee Dealer,0,0,0,1,0,0,0,1,20-07-2015,0,1,0,52017,52017
VHR190,Trainee Dealer,0,1,0,0,0,0,0,1,20-07-2015,0,1,0,42017,42017
VHR190,Trainee Dealer,0,1,0,0,0,0,0,1,20-07-2015,0,1,0,42017,42017
VHR190,Trainee Dealer,0,0,0,0,0,1,0,1,20-07-2015,0,1,0,52017,52017
VHR190,Trainee Dealer,0,0,0,0,0,0,1,0.5,20-07-2015,0,1,0,12017,12017
VHR190,Trainee Dealer,0,0,0,1,0,0,0,1,20-07-2015,0,1,0,122016,122016
VHR190,Trainee Dealer,0,0,0,1,0,0,0,1,20-07-2015,0,1,0,22017,22017
VHR190,Trainee Dealer,0,0,0,1,0,0,0,1,20-07-2015,0,1,0,12017,12017
VHR190,Trainee Dealer,0,0,0,1,0,0,0,1,20-07-2015,0,1,0,12017,12017
VHR190,Trainee Dealer,0,0,0,1,0,0,0,1,20-07-2015,0,1,0,12017,12017
VHR190,Trainee Dealer,0,1,0,0,0,0,0,0.5,20-07-2015,0,1,0,12017,12017
VHR190,Trainee Dealer,0,0,0,0,0,1,0,1,20-07-2015,0,1,0,22017,22017
VHR190,Trainee Dealer,0,0,0,0,0,1,0,0.5,20-07-2015,0,1,0,22017,22017
VHR190,Trainee Dealer,0,0,0,0,0,1,0,0.5,20-07-2015,0,1,0,12017,12017
VHR190,Trainee Dealer,0,0,0,0,0,1,0,0.5,20-07-2015,0,1,0,12017,12017
VHR192,Trainee Dealer,0,0,0,1,0,0,0,1,10-08-2015,0,1,0,22017,22017
VHR192,Trainee Dealer,0,0,0,1,0,0,0,1,10-08-2015,0,1,0,22017,22017
VHR192,Trainee Dealer,0,0,0,1,0,0,0,1,10-08-2015,0,1,0,12017,12017
VHR192,Trainee Dealer,0,0,0,1,0,0,0,1,10-08-2015,0,1,0,12017,12017
VHR183,Trainee Dealer,0,0,0,0,0,0,1,0.5,20-07-2015,0,1,0,52017,52017
VHR183,Trainee Dealer,0,0,0,1,0,0,0,0.5,20-07-2015,0,1,0,42017,42017
VHR183,Trainee Dealer,0,0,0,1,0,0,0,0.5,20-07-2015,0,1,0,32017,32017
VHR183,Trainee Dealer,0,0,0,1,0,0,0,1,20-07-2015,0,1,0,32017,32017
VHR183,Trainee Dealer,0,0,0,1,0,0,0,1,20-07-2015,0,1,0,32017,32017
VHR183,Trainee Dealer,0,1,0,0,0,0,0,0.5,20-07-2015,0,1,0,42017,42017
VHR183,Trainee Dealer,0,0,0,1,0,0,0,0.5,20-07-2015,0,1,0,22017,22017
VHR184,Trainee Dealer,0,1,0,0,0,0,0,1,20-07-2015,0,1,0,42017,42017
VHR184,Trainee Dealer,0,0,0,1,0,0,0,1,20-07-2015,0,1,0,22017,22017
VHR184,Trainee Dealer,0,0,0,1,0,0,0,1,20-07-2015,0,1,0,12017,12017
VHR185,Trainee Dealer,0,0,0,1,0,0,0,2,20-07-2015,0,1,0,12017,12017
VHR185,Trainee Dealer,0,0,0,1,0,0,0,1,20-07-2015,0,1,0,12017,12017
VHR185,Trainee Dealer,0,0,0,0,0,1,0,1,20-07-2015,0,1,0,12017,12017
VHR186,Trainee Dealer,0,0,0,1,0,0,0,1,20-07-2015,0,1,0,32017,32017
VHR186,Trainee Dealer,0,0,0,1,0,0,0,0.5,20-07-2015,0,1,0,52017,52017
VHR186,Trainee Dealer,0,0,0,1,0,0,0,1,20-07-2015,0,1,0,52017,52017
VHR186,Trainee Dealer,0,0,0,1,0,0,0,0.5,20-07-2015,0,1,0,22017,22017
VHR187,Trainee Dealer,1,0,0,0,0,0,0,5,20-07-2015,1,0,0,12017,12017
VHR187,Trainee Dealer,1,0,0,0,0,0,0,1,20-07-2015,1,0,0,32017,32017
VHR187,Trainee Dealer,1,0,0,0,0,0,0,1,20-07-2015,1,0,0,42017,42017
VHR189,Trainee Dealer,0,0,0,0,0,0,1,1,20-07-2015,0,1,0,42017,42017
VHR189,Trainee Dealer,0,0,0,1,0,0,0,1,20-07-2015,0,1,0,52017,52017
VHR189,Trainee Dealer,0,1,0,0,0,0,0,1,20-07-2015,0,1,0,42017,42017
VHR189,Trainee Dealer,0,0,0,1,0,0,0,2,20-07-2015,0,1,0,22017,22017
VHR193,Trainee Dealer,0,0,0,1,0,0,0,0.5,10-02-2016,0,1,0,32017,32017
VHR193,Trainee Dealer,0,0,0,1,0,0,0,0.5,10-02-2016,0,1,0,52017,52017
VHR193,Trainee Dealer,0,0,0,1,0,0,0,0.5,10-02-2016,0,1,0,52017,52017
VHR193,Trainee Dealer,0,1,0,0,0,0,0,1,10-02-2016,0,1,0,42017,42017
VHR193,Trainee Dealer,0,1,0,0,0,0,0,0.5,10-02-2016,0,1,0,12017,12017
VHR193,Trainee Dealer,0,0,0,0,0,1,0,1.5,10-02-2016,0,1,0,22017,22017
VHR193,Trainee Dealer,0,0,0,0,0,1,0,0.5,10-02-2016,0,1,0,22017,22017
VHR195,Trainee Dealer,0,0,0,1,0,0,0,2,01-07-2016,0,1,0,52017,52017
VHR195,Trainee Dealer,0,0,0,1,0,0,0,0.5,11-02-2016,0,1,0,52017,52017
VHR195,Trainee Dealer,0,0,0,1,0,0,0,4,02-11-2015,0,1,0,52017,52017
VHR195,Trainee Dealer,0,0,0,1,0,0,0,0.5,16-02-2016,0,1,0,22017,22017
VHR212,Trainee Dealer,0,0,0,1,0,0,0,4,01-06-2016,0,1,0,42017,42017
VHR212,Trainee Dealer,0,0,0,1,0,0,0,0.5,01-06-2016,0,1,0,32017,32017
VHR212,Trainee Dealer,0,0,0,1,0,0,0,1,01-06-2016,0,1,0,32017,32017
VHR212,Trainee Dealer,0,0,0,1,0,0,0,0.5,01-06-2016,0,1,0,32017,32017
VHR212,Trainee Dealer,0,0,0,1,0,0,0,0.5,01-06-2016,0,1,0,32017,32017
VHR212,Trainee Dealer,0,0,0,1,0,0,0,1,01-06-2016,0,1,0,52017,52017
VHR212,Trainee Dealer,0,1,0,0,0,0,0,1,01-06-2016,0,1,0,42017,42017
VHR212,Trainee Dealer,0,0,0,0,0,1,0,1,01-06-2016,0,1,0,52017,52017
VHR212,Trainee Dealer,0,0,0,0,0,1,0,0.5,01-06-2016,0,1,0,52017,52017
VHR212,Trainee Dealer,0,0,0,0,0,1,0,2,01-06-2016,0,1,0,22017,22017
VHR212,Trainee Dealer,0,0,0,0,0,1,0,1,01-06-2016,0,1,0,12017,12017
VHR212,Trainee Dealer,0,0,0,0,0,1,0,1,01-06-2016,0,1,0,12017,12017
VHR212,Trainee Dealer,0,0,0,0,0,0,1,0.5,01-06-2016,0,1,0,12017,12017
VHR205,Trainee Dealer,1,0,0,0,0,0,0,1,01-06-2016,0,1,0,12017,12017
VHR213,Trainee Dealer,1,0,0,0,0,0,0,1,01-06-2016,1,0,0,12017,12017
VHR211,Trainee Dealer,0,0,0,0,0,0,1,1,01-06-2016,0,1,0,42017,42017
VHR211,Trainee Dealer,0,0,0,1,0,0,0,1,01-06-2016,0,1,0,32017,32017
VHR211,Trainee Dealer,0,0,0,1,0,0,0,0.5,01-06-2016,0,1,0,52017,52017
VHR211,Trainee Dealer,0,1,0,0,0,0,0,0.5,01-06-2016,0,1,0,42017,42017
VHR207,Trainee Dealer,1,0,0,0,0,0,0,1,01-06-2016,1,0,0,42017,42017
VHR207,Trainee Dealer,1,0,0,0,0,0,0,1,01-06-2016,1,0,0,52017,52017
VHR207,Trainee Dealer,1,0,0,0,0,0,0,0.5,01-06-2016,1,0,0,52017,52017
VHR207,Trainee Dealer,1,0,0,0,0,0,0,1,01-06-2016,1,0,0,22017,22017
VHR207,Trainee Dealer,1,0,0,0,0,0,0,1,01-06-2016,1,0,0,22017,22017
VHR207,Trainee Dealer,1,0,0,0,0,0,0,1,01-06-2016,1,0,0,32017,32017
VHR210,Trainee Dealer,0,0,0,1,0,0,0,1,01-06-2016,0,1,0,32017,32017
VHR210,Trainee Dealer,0,0,0,1,0,0,0,1,01-06-2016,0,1,0,52017,52017
VHR210,Trainee Dealer,0,0,0,1,0,0,0,1,01-06-2016,0,1,0,12017,12017
VHR209,Trainee Dealer,0,0,0,0,0,0,1,1,19-02-2016,0,1,0,32017,32017
VHR209,Trainee Dealer,0,0,0,1,0,0,0,1,19-02-2016,0,1,0,42017,42017
VHR209,Trainee Dealer,0,0,0,1,0,0,0,1,19-02-2016,0,1,0,32017,32017
VHR209,Trainee Dealer,0,0,0,1,0,0,0,1,19-02-2016,0,1,0,32017,32017
VHR209,Trainee Dealer,0,0,0,1,0,0,0,1,19-02-2016,0,1,0,52017,52017
VHR209,Trainee Dealer,0,0,0,1,0,0,0,1,19-02-2016,0,1,0,22017,22017
VHR209,Trainee Dealer,0,0,0,1,0,0,0,1,19-02-2016,0,1,0,12017,12017
VHR226,Trainee Dealer,0,0,0,1,0,0,0,1,24-09-2015,0,1,0,42017,42017
VHR226,Trainee Dealer,0,0,0,1,0,0,0,0.5,24-09-2015,0,1,0,32017,32017
VHR226,Trainee Dealer,0,0,0,1,0,0,0,1,24-09-2015,0,1,0,32017,32017
VHR226,Trainee Dealer,0,0,0,1,0,0,0,0.5,24-09-2015,0,1,0,52017,52017
VHR226,Trainee Dealer,0,0,0,0,0,1,0,1,24-09-2015,0,1,0,52017,52017
VHR226,Trainee Dealer,0,0,0,0,0,1,0,1,24-09-2015,0,1,0,52017,52017
VHR226,Trainee Dealer,0,0,0,1,0,0,0,1,24-09-2015,0,1,0,22017,22017
VHR226,Trainee Dealer,0,0,0,1,0,0,0,0.5,24-09-2015,0,1,0,12017,12017
VHR226,Trainee Dealer,0,0,0,1,0,0,0,0.5,24-09-2015,0,1,0,12017,12017
VHR218,Trainee Dealer,0,0,0,1,0,0,0,1,09-11-2015,0,1,0,42017,42017
VHR218,Trainee Dealer,0,0,0,1,0,0,0,0.5,09-11-2015,0,1,0,12017,12017
VHR219,Trainee Dealer,0,0,0,0,0,0,1,0.5,24-11-2015,0,1,0,42017,42017
VHR219,Trainee Dealer,0,0,0,1,0,0,0,0.5,24-11-2015,0,1,0,52017,52017
VHR219,Trainee Dealer,0,0,0,1,0,0,0,1,24-11-2015,0,1,0,52017,52017
VHR219,Trainee Dealer,0,0,0,1,0,0,0,1,24-11-2015,0,1,0,52017,52017
VHR219,Trainee Dealer,0,1,0,0,0,0,0,0.5,24-11-2015,0,1,0,52017,52017
VHR219,Trainee Dealer,0,0,0,1,0,0,0,2,24-11-2015,0,1,0,22017,22017
VHR219,Trainee Dealer,0,1,0,0,0,0,0,0.5,24-11-2015,0,1,0,12017,12017
VHR215,Trainee Dealer,0,0,0,0,0,0,1,0.5,22-02-2016,0,1,0,42017,42017
VHR215,Trainee Dealer,0,0,0,0,0,0,1,0.5,22-02-2016,0,1,0,42017,42017
VHR215,Trainee Dealer,0,0,0,1,0,0,0,1,22-02-2016,0,1,0,42017,42017
VHR215,Trainee Dealer,0,0,0,1,0,0,0,0.5,22-02-2016,0,1,0,42017,42017
VHR215,Trainee Dealer,0,0,0,1,0,0,0,0.5,22-02-2016,0,1,0,32017,32017
VHR215,Trainee Dealer,0,0,0,1,0,0,0,1,22-02-2016,0,1,0,52017,52017
VHR220,Trainee Dealer,0,0,0,1,0,0,0,0.5,01-02-2016,0,1,0,32017,32017
VHR220,Trainee Dealer,0,0,0,1,0,0,0,0.5,01-02-2016,0,1,0,32017,32017
VHR220,Trainee Dealer,0,0,0,1,0,0,0,1,01-02-2016,0,1,0,52017,52017
VHR220,Trainee Dealer,0,0,0,1,0,0,0,1,01-02-2016,0,1,0,52017,52017
VHR220,Trainee Dealer,0,0,0,1,0,0,0,1,01-02-2016,0,1,0,22017,22017
VHR220,Trainee Dealer,0,0,0,1,0,0,0,0.5,01-02-2016,0,1,0,22017,22017
VHR220,Trainee Dealer,0,0,0,1,0,0,0,2,01-02-2016,0,1,0,22017,22017
VHR222,Trainee Dealer,0,0,0,1,0,0,0,0.5,01-02-2016,0,1,0,12017,12017
VHR222,Trainee Dealer,0,0,0,1,0,0,0,1,01-02-2016,0,0,1,22017,22017
VHR222,Trainee Dealer,0,0,0,1,0,0,0,0.5,01-02-2016,0,1,0,32017,32017
VHR221,Trainee Dealer,0,0,0,0,0,0,1,0.5,01-03-2016,0,1,0,42017,42017
VHR221,Trainee Dealer,0,0,0,1,0,0,0,2,01-03-2016,0,1,0,42017,42017
VHR221,Trainee Dealer,0,0,0,1,0,0,0,1,01-03-2016,0,1,0,42017,42017
VHR221,Trainee Dealer,0,0,0,1,0,0,0,1,01-03-2016,0,1,0,52017,52017
VHR221,Trainee Dealer,0,0,0,1,0,0,0,0.5,01-03-2016,0,1,0,22017,22017
VHR221,Trainee Dealer,0,0,0,1,0,0,0,1,01-03-2016,0,1,0,22017,22017
VHR221,Trainee Dealer,0,0,0,1,0,0,0,0.5,01-03-2016,0,1,0,12017,12017
VHR223,Trainee Dealer,0,0,0,1,0,0,0,0.5,25-01-2016,0,1,0,42017,42017
VHR223,Trainee Dealer,0,0,0,1,0,0,0,0.5,25-01-2016,0,1,0,42017,42017
VHR223,Trainee Dealer,0,0,0,1,0,0,0,0.5,25-01-2016,0,1,0,32017,32017
VHR223,Trainee Dealer,0,0,0,1,0,0,0,0.5,25-01-2016,0,1,0,32017,32017
VHR223,Trainee Dealer,0,0,0,1,0,0,0,0.5,25-01-2016,0,1,0,32017,32017
VHR223,Trainee Dealer,0,0,0,1,0,0,0,0.5,25-01-2016,0,1,0,52017,52017
VHR223,Trainee Dealer,0,0,0,1,0,0,0,1,25-01-2016,0,1,0,52017,52017
VHR223,Trainee Dealer,0,1,0,0,0,0,0,0.5,25-01-2016,0,1,0,32017,32017
VHR223,Trainee Dealer,0,0,0,1,0,0,0,0.5,25-01-2016,0,1,0,22017,22017
VHR223,Trainee Dealer,0,0,0,1,0,0,0,0.5,25-01-2016,0,1,0,22017,22017
VHR223,Trainee Dealer,0,0,0,1,0,0,0,0.5,25-01-2016,0,1,0,22017,22017
VHR227,Trainee Dealer,0,0,0,0,1,0,0,0.5,24-09-2015,0,1,0,32017,32017
VHR227,Trainee Dealer,0,0,1,0,0,0,0,0.5,24-09-2015,0,1,0,32017,32017
VHR227,Trainee Dealer,0,0,0,0,1,0,0,2,24-09-2015,0,1,0,22017,22017
VHR227,Trainee Dealer,0,0,1,0,0,0,0,1,24-09-2015,0,1,0,12017,12017
VHR217,Trainee Dealer,0,0,0,1,0,0,0,1,19-10-2015,0,1,0,32017,32017
VHR217,Trainee Dealer,0,0,0,1,0,0,0,1,19-10-2015,0,1,0,32017,32017
VHR217,Trainee Dealer,0,0,0,1,0,0,0,1,19-10-2015,0,1,0,32017,32017
VHR217,Trainee Dealer,0,0,0,1,0,0,0,0.5,19-10-2015,0,1,0,32017,32017
VHR217,Trainee Dealer,0,0,0,0,0,1,0,1,19-10-2015,0,1,0,52017,52017
VHR217,Trainee Dealer,0,0,0,1,0,0,0,1,19-10-2015,0,1,0,22017,22017
VHR217,Trainee Dealer,0,1,0,0,0,0,0,0.5,19-10-2015,0,1,0,52017,52017
VHR216,Trainee Dealer,0,0,0,1,0,0,0,1,19-10-2015,0,1,0,32017,32017
VHR216,Trainee Dealer,0,0,0,0,0,1,0,9,19-10-2015,0,1,0,52017,52017
VHR216,Trainee Dealer,0,0,0,1,0,0,0,1,19-10-2015,0,1,0,12017,12017
VHR216,Trainee Dealer,0,0,0,0,0,1,0,2,19-10-2015,0,1,0,22017,22017
VHR216,Trainee Dealer,0,0,0,0,0,1,0,0.5,19-10-2015,0,1,0,12017,12017
VHR214,Trainee Dealer,0,0,0,1,0,0,0,0.5,23-11-2015,0,1,0,42017,42017
VHR214,Trainee Dealer,0,0,0,1,0,0,0,0.5,23-11-2015,0,1,0,42017,42017
VHR214,Trainee Dealer,0,0,0,1,0,0,0,1,23-11-2015,0,1,0,52017,52017
VHR224,Trainee Dealer,0,0,0,0,0,0,1,0.5,25-11-2015,0,1,0,32017,32017
VHR224,Trainee Dealer,0,0,0,1,0,0,0,1,25-11-2015,0,1,0,32017,32017
VHR224,Trainee Dealer,0,0,0,1,0,0,0,0.5,25-11-2015,0,1,0,32017,32017
VHR224,Trainee Dealer,0,0,0,1,0,0,0,0.5,25-11-2015,0,1,0,52017,52017
VHR224,Trainee Dealer,0,1,0,0,0,0,0,0.5,25-11-2015,0,1,0,32017,32017
VHR224,Trainee Dealer,0,0,0,0,0,1,0,3,25-11-2015,0,1,0,32017,32017
VHR224,Trainee Dealer,0,0,0,0,0,1,0,3,25-11-2015,0,1,0,12017,12017
VHR224,Trainee Dealer,1,0,0,0,0,0,0,5,25-11-2015,1,0,0,12017,12017
VHR224,Trainee Dealer,1,0,0,0,0,0,0,0.5,25-11-2015,1,0,0,22017,22017
VHR224,Trainee Dealer,1,0,0,0,0,0,0,0.5,25-11-2015,1,0,0,22017,22017
VHR224,Trainee Dealer,1,0,0,0,0,0,0,3,25-11-2015,1,0,0,22017,22017
VHR224,Trainee Dealer,1,0,0,0,0,0,0,3,25-11-2015,1,0,0,32017,32017
VHR224,Trainee Dealer,1,0,0,0,0,0,0,0.5,25-11-2015,1,0,0,32017,32017
VHR224,Trainee Dealer,1,0,0,0,0,0,0,3,25-11-2015,1,0,0,42017,42017
VHR224,Trainee Dealer,1,0,0,0,0,0,0,2,25-11-2015,1,0,0,42017,42017
VHR224,Trainee Dealer,1,0,0,0,0,0,0,1,25-11-2015,1,0,0,42017,42017
VHR224,Trainee Dealer,1,0,0,0,0,0,0,1,25-11-2015,1,0,0,52017,52017
VHR224,Trainee Dealer,1,0,0,0,0,0,0,1,25-11-2015,1,0,0,52017,52017
VHR208,Trainee Dealer,0,0,0,0,0,0,1,1,26-10-2015,0,1,0,42017,42017
VHR208,Trainee Dealer,0,0,0,1,0,0,0,1,26-10-2015,0,1,0,42017,42017
VHR208,Trainee Dealer,0,0,0,1,0,0,0,1,26-10-2015,0,1,0,12017,12017
VHR208,Trainee Dealer,0,0,0,1,0,0,0,1,26-10-2015,0,1,0,32017,32017
VHR208,Trainee Dealer,0,1,0,0,0,0,0,0.5,26-10-2015,0,1,0,52017,52017
VHR208,Trainee Dealer,0,0,0,1,0,0,0,0.5,26-10-2015,0,1,0,22017,22017
VHR208,Trainee Dealer,0,0,0,1,0,0,0,1,26-10-2015,0,1,0,22017,22017
VHR231,Trainee Dealer,0,0,0,1,0,0,0,2,15-02-2016,0,1,0,52017,52017
VHR231,Trainee Dealer,0,0,0,1,0,0,0,2,15-02-2016,0,1,0,52017,52017
VHR231,Trainee Dealer,0,0,0,1,0,0,0,0.5,15-02-2016,0,1,0,12017,12017
VHR232,Trainee Dealer,0,0,0,0,0,0,1,0.5,01-06-2016,0,1,0,52017,52017
VHR232,Trainee Dealer,0,0,0,1,0,0,0,0.5,01-06-2016,0,1,0,32017,32017
VHR232,Trainee Dealer,0,0,0,1,0,0,0,0.5,01-06-2016,0,1,0,32017,32017
VHR232,Trainee Dealer,0,0,0,1,0,0,0,2,01-06-2016,0,1,0,52017,52017
VHR232,Trainee Dealer,0,0,0,1,0,0,0,1,01-06-2016,0,1,0,52017,52017
VHR232,Trainee Dealer,0,1,0,0,0,0,0,1,01-06-2016,0,1,0,52017,52017
VHR232,Trainee Dealer,0,0,0,0,0,1,0,1,01-06-2016,0,1,0,52017,52017
VHR232,Trainee Dealer,0,0,0,0,0,1,0,0.5,01-06-2016,0,1,0,52017,52017
VHR232,Trainee Dealer,0,0,0,0,0,1,0,2,01-06-2016,0,1,0,52017,52017
VHR232,Trainee Dealer,0,0,0,1,0,0,0,1,01-06-2016,0,1,0,22017,22017
VHR232,Trainee Dealer,0,0,0,1,0,0,0,2,01-06-2016,0,1,0,22017,22017
VHR232,Trainee Dealer,0,0,0,1,0,0,0,0.5,01-06-2016,0,1,0,12017,12017
VHR232,Trainee Dealer,0,1,0,0,0,0,0,0.5,01-06-2016,0,1,0,22017,22017
VHR233,Trainee Dealer,0,0,0,1,0,0,0,1,09-02-2016,0,1,0,12017,12017
VHR233,Trainee Dealer,0,0,0,1,0,0,0,1,09-02-2016,0,1,0,52017,52017
VHR233,Trainee Dealer,0,0,0,1,0,0,0,1,09-02-2016,0,1,0,52017,52017
VHR233,Trainee Dealer,0,0,0,0,0,1,0,0.5,09-02-2016,0,1,0,42017,42017
VHR233,Trainee Dealer,0,0,0,0,0,1,0,1,09-02-2016,0,1,0,42017,42017
VHR233,Trainee Dealer,0,0,0,0,0,1,0,1,09-02-2016,0,1,0,42017,42017
VHR233,Trainee Dealer,0,0,0,0,0,1,0,1,09-02-2016,0,1,0,42017,42017
VHR233,Trainee Dealer,0,0,0,0,0,1,0,1,09-02-2016,0,1,0,52017,52017
VHR233,Trainee Dealer,0,0,0,0,0,1,0,0.5,09-02-2016,0,1,0,12017,12017
VHR233,Trainee Dealer,0,0,0,0,0,1,0,0.5,09-02-2016,0,1,0,12017,12017
VHR235,Trainee Dealer,0,0,0,1,0,0,0,1,11-02-2016,0,1,0,32017,32017
VHR235,Trainee Dealer,0,0,0,1,0,0,0,1,11-02-2016,0,1,0,52017,52017
VHR235,Trainee Dealer,0,0,0,1,0,0,0,1,11-02-2016,0,1,0,52017,52017
VHR235,Trainee Dealer,0,0,0,1,0,0,0,1,11-02-2016,0,1,0,52017,52017
VHR235,Trainee Dealer,0,0,0,1,0,0,0,0.5,11-02-2016,0,1,0,22017,22017
VHR235,Trainee Dealer,0,0,0,1,0,0,0,0.5,11-02-2016,0,1,0,32017,32017
VHR235,Trainee Dealer,0,0,0,0,0,1,0,1,11-02-2016,0,1,0,22017,22017
VHR235,Trainee Dealer,0,0,0,0,0,1,0,1,11-02-2016,0,1,0,32017,32017
VHR249,Trainee Dealer,0,0,0,0,0,0,1,0.5,02-02-2016,0,1,0,52017,52017
VHR249,Trainee Dealer,0,0,0,1,0,0,0,2,02-02-2016,0,1,0,52017,52017
VHR249,Trainee Dealer,0,1,0,0,0,0,0,0.5,02-02-2016,0,1,0,42017,42017
VHR249,Trainee Dealer,0,1,0,0,0,0,0,1,02-02-2016,0,1,0,52017,52017
VHR249,Trainee Dealer,0,0,0,1,0,0,0,1,02-02-2016,0,1,0,12017,12017
VHR249,Trainee Dealer,0,0,0,0,0,1,0,1,02-02-2016,0,1,0,22017,22017
VHR249,Trainee Dealer,0,0,0,0,0,1,0,3,02-02-2016,0,1,0,12017,12017
VHR249,Trainee Dealer,0,0,0,0,0,1,0,1,02-02-2016,0,1,0,12017,12017
VHR249,Trainee Dealer,0,0,0,0,0,1,0,1,02-02-2016,0,1,0,12017,12017
VHR250,Trainee Dealer,0,0,0,1,0,0,0,1,01-07-2016,0,1,0,42017,42017
VHR250,Trainee Dealer,0,0,0,1,0,0,0,0.5,01-07-2016,0,1,0,52017,52017
VHR251,Trainee Dealer,0,0,0,1,0,0,0,1,01-07-2016,0,1,0,12017,12017
VHR251,Trainee Dealer,0,0,0,0,0,1,0,6,01-07-2016,0,1,0,122016,122016
VHR251,Trainee Dealer,0,0,0,0,0,1,0,0.5,01-07-2016,0,1,0,12017,12017
VHR251,Trainee Dealer,0,0,0,0,0,1,0,1,01-07-2016,0,1,0,12017,12017
VHR251,Trainee Dealer,0,0,0,0,0,1,0,1,01-07-2016,0,1,0,12017,12017
VHR236,Trainee Dealer,0,0,0,1,0,0,0,0.5,01-06-2016,0,1,0,32017,32017
VHR236,Trainee Dealer,0,0,0,1,0,0,0,1,01-06-2016,0,1,0,32017,32017
VHR236,Trainee Dealer,0,0,0,1,0,0,0,1,01-06-2016,0,1,0,52017,52017
VHR236,Trainee Dealer,0,1,0,0,0,0,0,1,01-06-2016,0,1,0,52017,52017
VHR252,Trainee Dealer,0,0,0,1,0,0,0,1,01-04-2016,0,1,0,32017,32017
VHR252,Trainee Dealer,0,0,0,1,0,0,0,1,01-04-2016,0,1,0,52017,52017
VHR252,Trainee Dealer,0,0,0,1,0,0,0,1,01-04-2016,0,1,0,12017,12017
VHR252,Trainee Dealer,0,0,0,0,0,1,0,1,01-04-2016,0,1,0,12017,12017
VHR252,Trainee Dealer,0,0,0,0,0,1,0,1,01-04-2016,0,1,0,12017,12017
VHR252,Trainee Dealer,0,0,0,1,0,0,0,1,01-04-2016,0,1,0,22017,22017
VHR253,Trainee Dealer,0,0,0,1,0,0,0,1,01-06-2016,0,1,0,42017,42017
VHR253,Trainee Dealer,0,0,0,1,0,0,0,0.5,01-06-2016,0,1,0,32017,32017
VHR253,Trainee Dealer,0,0,0,1,0,0,0,0.5,01-06-2016,0,1,0,32017,32017
VHR253,Trainee Dealer,0,0,0,1,0,0,0,1,01-06-2016,0,1,0,12017,12017
VHR253,Trainee Dealer,0,0,0,1,0,0,0,1,01-06-2016,0,1,0,22017,22017
VHR254,Trainee Dealer,0,0,0,0,0,0,1,0.5,01-07-2016,0,1,0,32017,32017
VHR254,Trainee Dealer,0,0,0,1,0,0,0,1,01-07-2016,0,1,0,32017,32017
VHR254,Trainee Dealer,0,0,0,1,0,0,0,0.5,01-07-2016,0,1,0,52017,52017
VHR254,Trainee Dealer,0,0,0,1,0,0,0,1,01-07-2016,0,1,0,52017,52017
VHR254,Trainee Dealer,0,1,0,0,0,0,0,0.5,01-07-2016,0,1,0,42017,42017
VHR254,Trainee Dealer,0,0,0,1,0,0,0,1,01-07-2016,0,1,0,12017,12017
VHR254,Trainee Dealer,0,0,0,1,0,0,0,0.5,01-07-2016,0,1,0,12017,12017
VHR254,Trainee Dealer,0,0,0,0,0,1,0,5,01-07-2016,0,1,0,42017,42017
VHR256,Trainee Dealer,0,0,0,1,0,0,0,0.5,08-02-2016,0,1,0,42017,42017
VHR256,Trainee Dealer,0,0,0,1,0,0,0,0.5,08-02-2016,0,1,0,42017,42017
VHR256,Trainee Dealer,0,0,0,1,0,0,0,0.5,08-02-2016,0,1,0,42017,42017
VHR256,Trainee Dealer,0,0,0,1,0,0,0,0.5,08-02-2016,0,1,0,42017,42017
VHR256,Trainee Dealer,0,0,0,1,0,0,0,0.5,08-02-2016,0,1,0,42017,42017
VHR256,Trainee Dealer,0,0,0,1,0,0,0,1,08-02-2016,0,1,0,42017,42017
VHR256,Trainee Dealer,0,0,0,1,0,0,0,1,08-02-2016,0,1,0,32017,32017
VHR256,Trainee Dealer,0,1,0,0,0,0,0,0.5,08-02-2016,0,1,0,42017,42017
VHR256,Trainee Dealer,0,1,0,0,0,0,0,0.5,08-02-2016,0,1,0,42017,42017
VHR256,Trainee Dealer,0,0,0,1,0,0,0,0.5,08-02-2016,0,1,0,22017,22017
VHR256,Trainee Dealer,0,0,0,1,0,0,0,1,08-02-2016,0,1,0,12017,12017
VHR256,Trainee Dealer,0,0,0,1,0,0,0,0.5,08-02-2016,0,1,0,12017,12017
VHR256,Trainee Dealer,0,0,0,1,0,0,0,1,08-02-2016,0,1,0,12017,12017
VHR256,Trainee Dealer,0,0,0,0,0,1,0,1,08-02-2016,0,1,0,12017,12017
VHR256,Trainee Dealer,0,0,0,0,0,1,0,0.5,08-02-2016,0,1,0,12017,12017
VHR256,Trainee Dealer,0,0,0,0,0,1,0,1,08-02-2016,0,1,0,12017,12017
VHR256,Trainee Dealer,0,0,0,0,0,1,0,0.5,08-02-2016,0,1,0,22017,22017
VHR258,Trainee Dealer,0,0,0,1,0,0,0,0.5,01-07-2016,0,1,0,42017,42017
VHR258,Trainee Dealer,0,0,0,1,0,0,0,1,01-07-2016,0,1,0,42017,42017
VHR258,Trainee Dealer,0,0,0,1,0,0,0,0.5,01-07-2016,0,1,0,32017,32017
VHR258,Trainee Dealer,0,0,0,1,0,0,0,0.5,01-07-2016,0,1,0,32017,32017
VHR258,Trainee Dealer,0,0,0,1,0,0,0,1,01-07-2016,0,1,0,32017,32017
VHR258,Trainee Dealer,0,0,0,1,0,0,0,1,01-07-2016,0,1,0,12017,12017
VHR258,Trainee Dealer,0,0,0,0,0,1,0,3,01-07-2016,0,1,0,32017,32017
VHR258,Trainee Dealer,0,0,0,0,0,1,0,1,01-07-2016,0,1,0,52017,52017
VHR258,Trainee Dealer,0,0,0,0,0,1,0,2,01-07-2016,0,1,0,52017,52017
VHR258,Trainee Dealer,0,0,0,0,0,1,0,0.5,01-07-2016,0,1,0,52017,52017
VHR258,Trainee Dealer,0,0,0,0,0,1,0,0.5,01-07-2016,0,1,0,12017,12017
VHR258,Trainee Dealer,0,0,0,0,0,1,0,1,01-07-2016,0,1,0,12017,12017
VHR258,Trainee Dealer,0,0,0,0,0,1,0,0.5,01-07-2016,0,1,0,12017,12017
VHR258,Trainee Dealer,0,0,0,0,0,1,0,0.5,01-07-2016,0,1,0,12017,12017
VHR258,Trainee Dealer,0,0,0,0,0,1,0,0.5,01-07-2016,0,1,0,22017,22017
VHR259,Trainee Dealer,0,0,0,1,0,0,0,1,01-07-2016,0,1,0,42017,42017
VHR259,Trainee Dealer,0,0,0,1,0,0,0,1,01-07-2016,0,1,0,32017,32017
VHR259,Trainee Dealer,0,0,0,1,0,0,0,0.5,01-07-2016,0,1,0,32017,32017
VHR259,Trainee Dealer,0,0,0,1,0,0,0,1,01-07-2016,0,1,0,32017,32017
VHR259,Trainee Dealer,0,1,0,0,0,0,0,0.5,01-07-2016,0,1,0,42017,42017
VHR259,Trainee Dealer,0,0,0,1,0,0,0,0.5,01-07-2016,0,1,0,122016,122016
VHR259,Trainee Dealer,0,0,0,1,0,0,0,0.5,01-07-2016,0,1,0,22017,22017
VHR259,Trainee Dealer,0,0,0,1,0,0,0,1,01-07-2016,0,1,0,12017,12017
VHR259,Trainee Dealer,0,0,0,0,0,1,0,0.5,01-07-2016,0,1,0,52017,52017
VHR259,Trainee Dealer,0,0,0,0,0,1,0,0.5,01-07-2016,0,1,0,12017,12017
VHR260,Trainee Dealer,0,0,0,1,0,0,0,0.5,01-06-2016,0,1,0,42017,42017
VHR260,Trainee Dealer,0,0,0,1,0,0,0,1,01-06-2016,0,1,0,42017,42017
VHR260,Trainee Dealer,0,0,0,1,0,0,0,1,01-06-2016,0,1,0,32017,32017
VHR260,Trainee Dealer,0,0,0,1,0,0,0,0.5,01-06-2016,0,1,0,32017,32017
VHR260,Trainee Dealer,0,0,0,0,0,1,0,0.5,01-06-2016,0,1,0,52017,52017
VHR260,Trainee Dealer,0,0,0,0,0,1,0,3,01-06-2016,0,1,0,52017,52017
VHR260,Trainee Dealer,0,0,0,0,0,1,0,0.5,01-06-2016,0,1,0,22017,22017
VHR260,Trainee Dealer,0,0,0,0,0,1,0,2,01-06-2016,0,1,0,22017,22017
VHR263,Trainee Dealer,0,0,0,1,0,0,0,1,25-01-2016,0,1,0,42017,42017
VHR263,Trainee Dealer,0,0,0,1,0,0,0,0.5,25-01-2016,0,1,0,42017,42017
VHR263,Trainee Dealer,0,0,0,1,0,0,0,0.5,25-01-2016,0,1,0,42017,42017
VHR263,Trainee Dealer,0,0,0,1,0,0,0,0.5,25-01-2016,0,1,0,42017,42017
VHR263,Trainee Dealer,0,0,0,1,0,0,0,0.5,25-01-2016,0,1,0,42017,42017
VHR263,Trainee Dealer,0,0,0,1,0,0,0,0.5,25-01-2016,0,1,0,32017,32017
VHR263,Trainee Dealer,0,0,0,1,0,0,0,1,25-01-2016,0,1,0,12017,12017
VHR263,Trainee Dealer,0,0,0,1,0,0,0,1,25-01-2016,0,1,0,12017,12017
VHR263,Trainee Dealer,0,0,0,1,0,0,0,1,25-01-2016,0,1,0,12017,12017
VHR263,Trainee Dealer,0,0,0,0,0,1,0,1,25-01-2016,0,1,0,52017,52017
VHR263,Trainee Dealer,0,0,0,0,0,1,0,1,25-01-2016,0,1,0,52017,52017
VHR263,Trainee Dealer,0,0,0,0,0,1,0,0.5,25-01-2016,0,1,0,22017,22017
VHR263,Trainee Dealer,0,0,0,0,0,1,0,0.5,25-01-2016,0,1,0,22017,22017
VHR263,Trainee Dealer,0,0,0,0,0,1,0,0.5,25-01-2016,0,1,0,22017,22017
VHR263,Trainee Dealer,0,0,0,0,0,1,0,0.5,25-01-2016,0,1,0,22017,22017
VHR263,Trainee Dealer,0,0,0,0,0,1,0,0.5,25-01-2016,0,1,0,12017,12017
VHR263,Trainee Dealer,0,0,0,0,0,1,0,0.5,25-01-2016,0,1,0,12017,12017
VHR263,Trainee Dealer,0,0,0,1,0,0,0,1,25-01-2016,0,1,0,22017,22017
VHR264,Trainee Dealer,0,0,0,1,0,0,0,0.5,10-02-2016,1,0,0,22017,22017
VHR264,Trainee Dealer,0,0,0,1,0,0,0,1,10-02-2016,1,0,0,42017,42017
VHR264,Trainee Dealer,0,0,0,1,0,0,0,1,10-02-2016,1,0,0,42017,42017
VHR264,Trainee Dealer,0,0,0,0,0,1,0,1,10-02-2016,1,0,0,52017,52017
VHR264,Trainee Dealer,0,1,0,0,0,0,0,0.5,10-02-2016,1,0,0,52017,52017
VHR265,Trainee Dealer,0,0,0,0,0,0,1,1,01-04-2016,0,1,0,42017,42017
VHR265,Trainee Dealer,0,0,0,1,0,0,0,1,01-04-2016,0,1,0,32017,32017
VHR265,Trainee Dealer,0,0,0,1,0,0,0,1,01-04-2016,0,1,0,32017,32017
VHR265,Trainee Dealer,0,1,0,0,0,0,0,0.5,01-04-2016,0,1,0,52017,52017
VHR265,Trainee Dealer,0,0,0,1,0,0,0,0.5,01-04-2016,0,1,0,22017,22017
VHR265,Trainee Dealer,0,0,0,1,0,0,0,1,01-04-2016,0,1,0,12017,12017
VHR265,Trainee Dealer,0,0,0,1,0,0,0,1,01-04-2016,0,1,0,12017,12017
VHR265,Trainee Dealer,0,0,0,0,0,1,0,1,01-04-2016,0,1,0,32017,32017
VHR265,Trainee Dealer,0,0,0,0,0,1,0,3,01-04-2016,0,1,0,52017,52017
VHR265,Trainee Dealer,0,0,0,0,0,1,0,1,01-04-2016,0,1,0,22017,22017
VHR265,Trainee Dealer,0,0,0,0,0,1,0,2,01-04-2016,0,1,0,22017,22017
VHR265,Trainee Dealer,0,0,0,0,0,1,0,0.5,01-04-2016,0,1,0,22017,22017
VHR267,Trainee Dealer,0,0,0,1,0,0,0,0.5,01-04-2016,0,1,0,42017,42017
VHR267,Trainee Dealer,0,0,0,1,0,0,0,1,01-04-2016,0,1,0,32017,32017
VHR267,Trainee Dealer,0,0,0,1,0,0,0,3,01-04-2016,0,1,0,52017,52017
VHR267,Trainee Dealer,0,0,0,1,0,0,0,1,01-04-2016,0,1,0,22017,22017
VHR267,Trainee Dealer,0,0,0,1,0,0,0,1,01-04-2016,0,1,0,12017,12017
VHR267,Trainee Dealer,0,0,0,0,0,1,0,2,01-04-2016,0,1,0,52017,52017
VHR267,Trainee Dealer,0,0,0,0,0,1,0,0.5,01-04-2016,0,1,0,12017,12017
VHR267,Trainee Dealer,0,0,0,0,0,1,0,1,01-04-2016,0,1,0,22017,22017
VHR269,Trainee Dealer,0,0,0,1,0,0,0,1,01-03-2016,0,1,0,42017,42017
VHR269,Trainee Dealer,0,0,0,1,0,0,0,1,01-03-2016,0,1,0,32017,32017
VHR269,Trainee Dealer,0,0,0,1,0,0,0,1,01-03-2016,0,1,0,12017,12017
VHR269,Trainee Dealer,0,0,0,0,0,1,0,1,01-03-2016,0,1,0,32017,32017
VHR269,Trainee Dealer,0,0,0,1,0,0,0,1,01-03-2016,0,1,0,32017,32017
VHR270,Trainee Dealer,0,0,0,1,0,0,0,1,08-02-2016,0,1,0,52017,52017
VHR270,Trainee Dealer,0,0,0,1,0,0,0,1,08-02-2016,0,1,0,52017,52017
VHR271,Trainee Dealer,0,0,0,0,0,0,1,1,09-02-2016,1,0,0,12017,12017
VHR271,Trainee Dealer,0,0,0,0,0,0,1,2,09-02-2016,1,0,0,12017,12017
VHR271,Trainee Dealer,1,0,0,0,0,0,0,1,09-02-2016,1,0,0,22017,22017
VHR271,Trainee Dealer,1,0,0,0,0,0,0,1,09-02-2016,1,0,0,22017,22017
VHR271,Trainee Dealer,1,0,0,0,0,0,0,1,09-02-2016,1,0,0,42017,42017
VHR271,Trainee Dealer,1,0,0,0,0,0,0,1,09-02-2016,1,0,0,42017,42017
VHR271,Trainee Dealer,1,0,0,0,0,0,0,1,09-02-2016,1,0,0,52017,52017
VHR271,Trainee Dealer,1,0,0,0,0,0,0,1,09-02-2016,1,0,0,52017,52017
VHR272,Trainee Dealer,0,0,0,1,0,0,0,1,09-02-2016,0,1,0,32017,32017
VHR272,Trainee Dealer,0,0,0,1,0,0,0,1,09-02-2016,0,1,0,32017,32017
VHR272,Trainee Dealer,0,0,0,1,0,0,0,1,09-02-2016,0,1,0,32017,32017
VHR272,Trainee Dealer,0,1,0,0,0,0,0,0.5,09-02-2016,0,1,0,42017,42017
VHR272,Trainee Dealer,0,0,0,1,0,0,0,1,09-02-2016,0,1,0,122016,122016
VHR272,Trainee Dealer,0,0,0,1,0,0,0,0.5,09-02-2016,0,1,0,22017,22017
VHR272,Trainee Dealer,0,0,0,1,0,0,0,1,09-02-2016,0,1,0,12017,12017
VHR272,Trainee Dealer,0,0,0,1,0,0,0,1,09-02-2016,0,1,0,12017,12017
VHR272,Trainee Dealer,0,0,0,0,0,1,0,2,09-02-2016,0,1,0,42017,42017
VHR272,Trainee Dealer,0,0,0,0,0,1,0,5,09-02-2016,0,1,0,32017,32017
VHR272,Trainee Dealer,0,0,0,0,0,1,0,2,09-02-2016,0,1,0,12017,12017
VHR272,Trainee Dealer,0,0,0,1,0,0,0,1,09-02-2016,0,1,0,22017,22017
VHR273,Trainee Dealer,0,0,0,1,0,0,0,1,09-02-2016,0,1,0,42017,42017
VHR273,Trainee Dealer,0,0,0,1,0,0,0,0.5,09-02-2016,0,1,0,32017,32017
VHR273,Trainee Dealer,0,0,0,1,0,0,0,2,09-02-2016,0,1,0,32017,32017
VHR273,Trainee Dealer,0,0,0,1,0,0,0,1,09-02-2016,0,1,0,32017,32017
VHR273,Trainee Dealer,0,0,0,1,0,0,0,1,09-02-2016,0,1,0,12017,12017
VHR273,Trainee Dealer,0,0,0,0,0,1,0,2,09-02-2016,0,1,0,52017,52017
VHR273,Trainee Dealer,0,0,0,0,0,1,0,0.5,09-02-2016,0,1,0,52017,52017
VHR275,Trainee Dealer,0,0,0,1,0,0,0,0.5,01-07-2016,0,1,0,12017,12017
VHR275,Trainee Dealer,0,0,0,0,0,1,0,1,19-10-2015,0,1,0,12017,12017
VHR277,Trainee Dealer,0,0,0,1,0,0,0,1,12-02-2016,0,1,0,52017,52017
VHR279,Trainee Dealer,0,0,0,1,0,0,0,1,01-03-2016,0,1,0,22017,22017
VHR279,Trainee Dealer,0,0,0,1,0,0,0,0.5,01-03-2016,0,1,0,22017,22017
VHR279,Trainee Dealer,0,0,0,1,0,0,0,0.5,01-03-2016,0,1,0,22017,22017
VHR279,Trainee Dealer,0,0,0,1,0,0,0,0.5,01-03-2016,0,1,0,12017,12017
VHR279,Trainee Dealer,0,0,0,0,0,1,0,1,01-03-2016,0,1,0,52017,52017
VHR279,Trainee Dealer,0,0,0,0,0,1,0,0.5,01-03-2016,0,1,0,52017,52017
VHR279,Trainee Dealer,0,0,0,1,0,0,0,0.5,01-03-2016,0,1,0,22017,22017
VHR279,Trainee Dealer,0,0,0,0,0,1,0,5,01-03-2016,0,1,0,32017,32017
VHR276,Trainee Dealer,0,0,0,0,0,0,1,0.5,12-02-2016,0,1,0,42017,42017
VHR276,Trainee Dealer,0,0,0,0,0,0,1,0.5,12-02-2016,0,1,0,22017,22017
VHR276,Trainee Dealer,0,0,0,1,0,0,0,0.5,12-02-2016,0,1,0,32017,32017
VHR276,Trainee Dealer,0,0,0,1,0,0,0,0.5,12-02-2016,0,1,0,32017,32017
VHR276,Trainee Dealer,0,0,0,1,0,0,0,0.5,12-02-2016,0,1,0,52017,52017
VHR276,Trainee Dealer,0,0,0,1,0,0,0,0.5,12-02-2016,0,1,0,12017,12017
VHR276,Trainee Dealer,0,0,0,0,0,1,0,11,12-02-2016,0,1,0,52017,52017
VHR276,Trainee Dealer,0,0,0,0,0,1,0,1,12-02-2016,0,1,0,22017,22017
VHR276,Trainee Dealer,0,0,0,0,0,1,0,0.5,12-02-2016,0,1,0,22017,22017
VHR276,Trainee Dealer,0,0,0,0,0,1,0,1,12-02-2016,0,1,0,22017,22017
VHR276,Trainee Dealer,0,0,0,1,0,0,0,0.5,12-02-2016,0,1,0,32017,32017
VHR280,Trainee Dealer,0,0,0,1,0,0,0,1,15-02-2016,0,1,0,32017,32017
VHR280,Trainee Dealer,0,0,0,0,0,1,0,1,15-02-2016,0,1,0,42017,42017
VHR280,Trainee Dealer,0,0,0,1,0,0,0,1,15-02-2016,0,1,0,22017,22017
VHR281,Trainee Dealer,0,0,0,1,0,0,0,1,01-07-2016,0,1,0,52017,52017
VHR281,Trainee Dealer,0,0,0,1,0,0,0,0.5,01-07-2016,0,1,0,52017,52017
VHR281,Trainee Dealer,0,0,0,1,0,0,0,1,01-07-2016,0,1,0,22017,22017
VHR281,Trainee Dealer,0,0,0,1,0,0,0,1,01-07-2016,0,1,0,12017,12017
FXI137,Intern - Big Data Analytics,0,0,0,1,0,0,0,1,01-06-2016,0,1,0,12017,12017
FXI137,Intern - Big Data Analytics,0,0,0,1,0,0,0,0.5,01-06-2016,0,1,0,32017,32017
FXI137,Intern - Big Data Analytics,0,0,0,1,0,0,0,1,01-06-2016,0,1,0,32017,32017
FXI137,Intern - Big Data Analytics,0,0,0,0,0,1,0,0.5,01-06-2016,0,1,0,42017,42017
FXI137,Intern - Big Data Analytics,0,0,0,0,0,1,0,1,01-06-2016,0,1,0,22017,22017
FXI137,Intern - Big Data Analytics,0,0,0,0,0,1,0,3,01-06-2016,0,1,0,22017,22017
FXI137,Intern - Big Data Analytics,0,0,0,0,0,1,0,2,01-06-2016,0,1,0,52017,52017
FXI140,Intern - Big Data Analytics,0,0,0,1,0,0,0,1,01-06-2016,0,1,0,42017,42017
FXI140,Intern - Big Data Analytics,0,0,0,1,0,0,0,0.5,01-06-2016,0,1,0,12017,12017
FXI140,Intern - Big Data Analytics,0,0,0,0,0,0,1,5,01-06-2016,1,0,0,12017,12017
FXI140,Intern - Big Data Analytics,1,0,0,0,0,0,0,1,01-06-2016,1,0,0,22017,22017
FXI140,Intern - Big Data Analytics,1,0,0,0,0,0,0,2,01-06-2016,1,0,0,22017,22017
FXI140,Intern - Big Data Analytics,0,0,0,0,0,0,1,8,01-06-2016,1,0,0,32017,32017
FXI140,Intern - Big Data Analytics,1,0,0,0,0,0,0,1,01-06-2016,1,0,0,42017,42017
FXI140,Intern - Big Data Analytics,1,0,0,0,0,0,0,2,01-06-2016,1,0,0,42017,42017
FXI140,Intern - Big Data Analytics,0,0,0,0,0,0,1,1,01-06-2016,1,0,0,52017,52017
FXI140,Intern - Big Data Analytics,0,0,0,0,0,0,1,14,01-06-2016,1,0,0,52017,52017
FXI147,Intern - Big Data Analytics,0,0,0,1,0,0,0,1,01-07-2016,0,1,0,42017,42017
FXI147,Intern - Big Data Analytics,0,0,0,1,0,0,0,1,01-07-2016,0,1,0,42017,42017
FXI147,Intern - Big Data Analytics,0,0,0,1,0,0,0,1,01-07-2016,0,1,0,22017,22017
FXI147,Intern - Big Data Analytics,0,0,0,1,0,0,0,1,01-07-2016,0,1,0,12017,12017
FXI147,Intern - Big Data Analytics,0,0,0,1,0,0,0,1,01-07-2016,0,1,0,32017,32017
FXI147,Intern - Big Data Analytics,0,0,0,1,0,0,0,1,01-07-2016,0,1,0,52017,52017
FXI147,Intern - Big Data Analytics,0,0,0,0,0,1,0,1,01-07-2016,0,1,0,42017,42017
FXI147,Intern - Big Data Analytics,0,0,0,0,0,1,0,0.5,01-07-2016,0,1,0,22017,22017
FXI147,Intern - Big Data Analytics,0,0,0,0,0,1,0,0.5,01-07-2016,0,1,0,32017,32017
FXI153,Intern - Big Data Analytics,0,0,0,1,0,0,0,0.5,01-07-2016,0,1,0,42017,42017
FXI153,Intern - Big Data Analytics,0,0,0,1,0,0,0,0.5,01-07-2016,0,1,0,52017,52017
FXI153,Intern - Big Data Analytics,0,0,0,0,0,1,0,0.5,01-07-2016,0,1,0,32017,32017
FXI153,Intern - Big Data Analytics,0,0,0,0,0,1,0,2,01-07-2016,0,1,0,52017,52017
FXI153,Intern - Big Data Analytics,0,0,0,0,0,1,0,0.5,01-07-2016,0,1,0,52017,52017
FXI158,Intern - Big Data Analytics,0,0,0,1,0,0,0,1,01-08-2016,0,1,0,32017,32017
FXI158,Intern - Big Data Analytics,0,0,0,1,0,0,0,1,01-08-2016,0,0,1,22017,22017
FXI158,Intern - Big Data Analytics,1,0,0,0,0,0,0,1,01-08-2016,1,0,0,12017,12017
FXI158,Intern - Big Data Analytics,1,0,0,0,0,0,0,0.5,01-08-2016,1,0,0,12017,12017
FXI158,Intern - Big Data Analytics,1,0,0,0,0,0,0,2,01-08-2016,1,0,0,12017,12017
FXI158,Intern - Big Data Analytics,1,0,0,0,0,0,0,1,01-08-2016,1,0,0,12017,12017
FXI158,Intern - Big Data Analytics,1,0,0,0,0,0,0,1,01-08-2016,1,0,0,22017,22017
FXI159,Intern - Big Data Analytics,0,0,0,1,0,0,0,0.5,01-08-2016,0,1,0,22017,22017
FXI159,Intern - Big Data Analytics,0,0,0,1,0,0,0,0.5,01-08-2016,0,1,0,12017,12017
FXI159,Intern - Big Data Analytics,0,0,0,0,0,1,0,2,01-08-2016,0,1,0,32017,32017
FXI159,Intern - Big Data Analytics,0,0,0,0,0,1,0,1,01-08-2016,0,1,0,52017,52017
FXI159,Intern - Big Data Analytics,0,0,0,0,0,1,0,4,01-08-2016,0,1,0,52017,52017
FXI189,Intern - Big Data Analytics,1,0,0,0,0,0,0,1,15-12-2016,1,0,0,42017,42017
FXI160,Intern - Big Data Analytics,0,0,0,1,0,0,0,0.5,05-12-2016,0,1,0,12017,12017
FXI160,Intern - Big Data Analytics,0,0,0,1,0,0,0,1,05-12-2016,0,1,0,12017,12017
FXI160,Intern - Big Data Analytics,0,0,0,1,0,0,0,1,05-12-2016,0,1,0,52017,52017
FXI160,Intern - Big Data Analytics,0,0,0,0,0,1,0,3.5,05-12-2016,0,1,0,32017,32017
FXI160,Intern - Big Data Analytics,0,0,0,0,0,1,0,1,05-12-2016,0,1,0,32017,32017
FXI161,Intern - Big Data Analytics,0,0,0,1,0,0,0,1,01-12-2016,0,1,0,22017,22017
FXI161,Intern - Big Data Analytics,0,0,0,1,0,0,0,1,01-12-2016,0,1,0,12017,12017
FXI161,Intern - Big Data Analytics,0,0,0,1,0,0,0,1,01-12-2016,0,1,0,32017,32017
FXI161,Intern - Big Data Analytics,0,0,0,1,0,0,0,0.5,01-12-2016,0,1,0,52017,52017
FXI161,Intern - Big Data Analytics,0,0,0,0,0,1,0,12,01-12-2016,0,1,0,42017,42017
FXI161,Intern - Big Data Analytics,0,0,0,0,0,1,0,1,01-12-2016,0,1,0,22017,22017
FXI161,Intern - Big Data Analytics,0,0,0,0,0,1,0,1,01-12-2016,0,1,0,22017,22017
FXI161,Intern - Big Data Analytics,0,0,0,0,0,1,0,0.5,01-12-2016,0,1,0,12017,12017
FXI161,Intern - Big Data Analytics,0,0,0,0,0,1,0,0.5,01-12-2016,0,1,0,32017,32017
FXI161,Intern - Big Data Analytics,0,0,0,0,0,1,0,3,01-12-2016,0,1,0,52017,52017
FXI161,Intern - Big Data Analytics,0,0,0,0,0,1,0,1,01-12-2016,0,0,1,32017,32017
FXI162,Intern - Big Data Analytics,0,0,0,1,0,0,0,1,01-12-2016,0,1,0,12017,12017
FXI162,Intern - Big Data Analytics,0,0,0,1,0,0,0,0.5,01-12-2016,0,1,0,32017,32017
FXI162,Intern - Big Data Analytics,0,0,0,0,0,1,0,2,01-12-2016,0,1,0,42017,42017
FXI162,Intern - Big Data Analytics,0,0,0,1,0,0,0,2,01-12-2016,0,1,0,52017,52017
FXI166,Intern - Big Data Analytics,0,0,0,1,0,0,0,0.5,01-12-2016,0,1,0,42017,42017
FXI166,Intern - Big Data Analytics,0,0,0,1,0,0,0,1,01-12-2016,0,1,0,12017,12017
FXI166,Intern - Big Data Analytics,0,0,0,1,0,0,0,1,01-12-2016,0,1,0,12017,12017
FXI166,Intern - Big Data Analytics,0,0,0,1,0,0,0,1,01-12-2016,0,1,0,52017,52017
FXI166,Intern - Big Data Analytics,0,0,0,0,0,1,0,0.5,01-12-2016,0,1,0,42017,42017
FXI166,Intern - Big Data Analytics,0,0,0,0,0,1,0,0.5,01-12-2016,0,1,0,22017,22017
FXI166,Intern - Big Data Analytics,0,0,0,0,0,1,0,6,01-12-2016,0,1,0,32017,32017
FXI166,Intern - Big Data Analytics,0,0,0,0,0,1,0,1,01-12-2016,0,1,0,52017,52017
FXI165,Intern - Big Data Analytics,0,0,0,1,0,0,0,0.5,01-12-2016,0,1,0,42017,42017
FXI165,Intern - Big Data Analytics,0,0,0,1,0,0,0,1,01-12-2016,0,1,0,42017,42017
FXI165,Intern - Big Data Analytics,0,0,0,1,0,0,0,1,01-12-2016,0,1,0,22017,22017
FXI165,Intern - Big Data Analytics,0,0,0,1,0,0,0,1,01-12-2016,0,1,0,12017,12017
FXI165,Intern - Big Data Analytics,0,0,0,1,0,0,0,0.5,01-12-2016,0,1,0,32017,32017
FXI165,Intern - Big Data Analytics,0,0,0,1,0,0,0,0.5,01-12-2016,0,1,0,32017,32017
FXI165,Intern - Big Data Analytics,0,0,0,0,0,1,0,0.5,01-12-2016,0,1,0,22017,22017
FXI165,Intern - Big Data Analytics,0,0,0,1,0,0,0,0.5,01-12-2016,0,0,1,22017,22017
FXI167,Intern - Big Data Analytics,0,0,0,1,0,0,0,1,01-12-2016,0,1,0,42017,42017
FXI167,Intern - Big Data Analytics,0,0,0,1,0,0,0,1,01-12-2016,0,1,0,42017,42017
FXI167,Intern - Big Data Analytics,0,0,0,1,0,0,0,1,01-12-2016,0,1,0,32017,32017
FXI167,Intern - Big Data Analytics,0,0,0,1,0,0,0,1,01-12-2016,0,1,0,52017,52017
FXI164,Intern - Big Data Analytics,0,0,0,1,0,0,0,1,01-12-2016,0,1,0,42017,42017
FXI164,Intern - Big Data Analytics,0,0,0,1,0,0,0,1,01-12-2016,0,1,0,42017,42017
FXI164,Intern - Big Data Analytics,0,0,0,1,0,0,0,0.5,01-12-2016,0,1,0,32017,32017
FXI164,Intern - Big Data Analytics,0,0,0,0,0,1,0,1,01-12-2016,0,1,0,42017,42017
FXI169,Intern - Big Data Analytics,0,0,0,1,0,0,0,1,05-12-2016,0,1,0,42017,42017
FXI169,Intern - Big Data Analytics,0,0,0,1,0,0,0,1,05-12-2016,0,1,0,22017,22017
FXI169,Intern - Big Data Analytics,0,0,0,1,0,0,0,1,05-12-2016,0,1,0,32017,32017
FXI169,Intern - Big Data Analytics,0,0,0,1,0,0,0,1,05-12-2016,0,1,0,32017,32017
FXI169,Intern - Big Data Analytics,0,0,0,1,0,0,0,1,05-12-2016,0,1,0,32017,32017
FXI169,Intern - Big Data Analytics,0,0,0,1,0,0,0,1,05-12-2016,0,1,0,52017,52017
FXI169,Intern - Big Data Analytics,0,0,0,0,0,1,0,1,05-12-2016,0,1,0,22017,22017
FXI169,Intern - Big Data Analytics,0,0,0,0,0,1,0,1,05-12-2016,0,1,0,32017,32017
FXI168,Intern - Big Data Analytics,0,0,0,1,0,0,0,1,05-12-2016,0,1,0,42017,42017
FXI168,Intern - Big Data Analytics,0,0,0,1,0,0,0,1,05-12-2016,0,1,0,12017,12017
FXI168,Intern - Big Data Analytics,0,0,0,1,0,0,0,0.5,05-12-2016,0,1,0,32017,32017
FXI168,Intern - Big Data Analytics,0,0,0,1,0,0,0,1,05-12-2016,0,1,0,32017,32017
FXI168,Intern - Big Data Analytics,0,0,0,1,0,0,0,1,05-12-2016,0,1,0,32017,32017
FXI168,Intern - Big Data Analytics,0,0,0,1,0,0,0,0.5,05-12-2016,0,1,0,52017,52017
FXI168,Intern - Big Data Analytics,0,0,0,1,0,0,0,1,05-12-2016,0,1,0,52017,52017
FXI168,Intern - Big Data Analytics,0,0,0,0,0,1,0,1,05-12-2016,0,1,0,22017,22017
FXI171,Intern - Big Data Analytics,0,0,0,1,0,0,0,1,01-12-2016,0,1,0,42017,42017
FXI171,Intern - Big Data Analytics,0,0,0,1,0,0,0,1,01-12-2016,0,1,0,42017,42017
FXI171,Intern - Big Data Analytics,0,0,0,1,0,0,0,1,01-12-2016,0,1,0,12017,12017
FXI171,Intern - Big Data Analytics,0,0,0,1,0,0,0,0.5,01-12-2016,0,1,0,12017,12017
FXI171,Intern - Big Data Analytics,0,0,0,1,0,0,0,1,01-12-2016,0,1,0,32017,32017
FXI171,Intern - Big Data Analytics,0,0,0,1,0,0,0,1,01-12-2016,0,1,0,52017,52017
FXI171,Intern - Big Data Analytics,0,0,0,0,0,1,0,1,01-12-2016,0,1,0,22017,22017
FXI171,Intern - Big Data Analytics,0,0,0,0,0,1,0,1,01-12-2016,0,1,0,22017,22017
FXI171,Intern - Big Data Analytics,0,0,0,0,0,1,0,1,01-12-2016,0,1,0,12017,12017
FXI171,Intern - Big Data Analytics,0,0,0,0,0,1,0,2,01-12-2016,0,1,0,52017,52017
FXI172,Intern - Big Data Analytics,0,0,0,1,0,0,0,0.5,02-12-2016,0,1,0,22017,22017
FXI172,Intern - Big Data Analytics,0,0,0,1,0,0,0,1,02-12-2016,0,1,0,12017,12017
FXI172,Intern - Big Data Analytics,0,0,0,1,0,0,0,0.5,02-12-2016,0,1,0,32017,32017
FXI172,Intern - Big Data Analytics,0,0,0,1,0,0,0,1,02-12-2016,0,1,0,52017,52017
FXI172,Intern - Big Data Analytics,0,0,0,1,0,0,0,1,02-12-2016,0,1,0,52017,52017
FXI172,Intern - Big Data Analytics,0,0,0,0,0,1,0,1,02-12-2016,0,1,0,32017,32017
FXI172,Intern - Big Data Analytics,0,0,0,0,0,1,0,0.5,02-12-2016,0,1,0,32017,32017
FXI172,Intern - Big Data Analytics,0,0,0,0,0,1,0,0.5,02-12-2016,0,1,0,32017,32017
FXI172,Intern - Big Data Analytics,0,0,0,0,0,1,0,1,02-12-2016,0,1,0,52017,52017
FXI172,Intern - Big Data Analytics,0,0,0,0,0,1,0,1,02-12-2016,0,1,0,52017,52017
FXI172,Intern - Big Data Analytics,0,0,0,1,0,0,0,0.5,02-12-2016,0,0,1,52017,52017
FXI173,Intern - Big Data Analytics,0,0,0,1,0,0,0,0.5,08-12-2016,0,1,0,42017,42017
FXI173,Intern - Big Data Analytics,0,0,0,1,0,0,0,0.5,08-12-2016,0,1,0,42017,42017
FXI173,Intern - Big Data Analytics,0,0,0,1,0,0,0,1,08-12-2016,0,1,0,42017,42017
FXI173,Intern - Big Data Analytics,0,0,0,1,0,0,0,0.5,08-12-2016,0,1,0,12017,12017
FXI173,Intern - Big Data Analytics,0,0,0,1,0,0,0,0.5,08-12-2016,0,1,0,12017,12017
FXI173,Intern - Big Data Analytics,0,0,0,1,0,0,0,1,08-12-2016,0,1,0,52017,52017
FXI173,Intern - Big Data Analytics,0,0,0,1,0,0,0,0.5,08-12-2016,0,1,0,52017,52017
FXI185,Intern - Big Data Analytics,0,0,0,1,0,0,0,0.5,08-12-2016,0,1,0,22017,22017
FXI185,Intern - Big Data Analytics,0,0,0,1,0,0,0,1,08-12-2016,0,1,0,12017,12017
FXI185,Intern - Big Data Analytics,0,0,0,1,0,0,0,1,08-12-2016,0,1,0,12017,12017
FXI185,Intern - Big Data Analytics,0,0,0,1,0,0,0,1,08-12-2016,0,1,0,32017,32017
FXI185,Intern - Big Data Analytics,0,0,0,0,0,1,0,2,08-12-2016,0,1,0,42017,42017
FXI185,Intern - Big Data Analytics,0,0,0,0,0,1,0,1,08-12-2016,0,1,0,52017,52017
FXI185,Intern - Big Data Analytics,0,0,0,0,0,1,0,1,08-12-2016,0,1,0,52017,52017
FXI174,Intern - Big Data Analytics,0,0,0,1,0,0,0,1,08-12-2016,0,1,0,42017,42017
FXI174,Intern - Big Data Analytics,0,0,0,1,0,0,0,1,08-12-2016,0,1,0,42017,42017
FXI174,Intern - Big Data Analytics,0,0,0,1,0,0,0,0.5,08-12-2016,0,1,0,42017,42017
FXI174,Intern - Big Data Analytics,0,0,0,1,0,0,0,1,08-12-2016,0,1,0,22017,22017
FXI174,Intern - Big Data Analytics,0,0,0,1,0,0,0,0.5,08-12-2016,0,1,0,12017,12017
FXI174,Intern - Big Data Analytics,0,0,0,1,0,0,0,1,08-12-2016,0,1,0,52017,52017
FXI174,Intern - Big Data Analytics,0,0,0,0,0,1,0,1,08-12-2016,0,1,0,22017,22017
FXI174,Intern - Big Data Analytics,0,0,0,0,0,1,0,1,08-12-2016,0,1,0,22017,22017
FXI174,Intern - Big Data Analytics,0,0,0,0,0,1,0,0.5,08-12-2016,0,1,0,22017,22017
FXI174,Intern - Big Data Analytics,0,0,0,0,0,1,0,1,08-12-2016,0,1,0,12017,12017
FXI174,Intern - Big Data Analytics,0,0,0,0,0,1,0,1,08-12-2016,0,1,0,12017,12017
FXI174,Intern - Big Data Analytics,0,0,0,0,0,1,0,2,08-12-2016,0,1,0,32017,32017
FXI174,Intern - Big Data Analytics,0,0,0,0,0,1,0,1,08-12-2016,0,1,0,32017,32017
FXI174,Intern - Big Data Analytics,0,0,0,0,0,1,0,1,08-12-2016,0,1,0,32017,32017
FXI174,Intern - Big Data Analytics,0,0,0,1,0,0,0,0.5,08-12-2016,0,0,1,22017,22017
FXI174,Intern - Big Data Analytics,0,0,0,0,0,1,0,0.5,08-12-2016,0,0,1,52017,52017
FXI175,Intern - Big Data Analytics,0,0,0,1,0,0,0,0.5,08-12-2016,0,1,0,12017,12017
FXI175,Intern - Big Data Analytics,0,0,0,1,0,0,0,1,08-12-2016,0,1,0,52017,52017
FXI175,Intern - Big Data Analytics,0,0,0,0,0,1,0,4,08-12-2016,0,1,0,12017,12017
FXI176,Intern - Big Data Analytics,0,0,0,1,0,0,0,1,08-12-2016,0,1,0,52017,52017
FXI176,Intern - Big Data Analytics,0,0,0,0,0,1,0,0.5,08-12-2016,0,1,0,42017,42017
FXI176,Intern - Big Data Analytics,0,0,0,0,0,1,0,1,08-12-2016,0,1,0,122016,122016
FXI176,Intern - Big Data Analytics,0,0,0,0,0,1,0,1,08-12-2016,0,1,0,12017,12017
FXI176,Intern - Big Data Analytics,0,0,0,0,0,1,0,0.5,08-12-2016,0,1,0,12017,12017
FXI176,Intern - Big Data Analytics,0,0,0,0,0,1,0,1,08-12-2016,0,1,0,52017,52017
FXI179,Intern - Big Data Analytics,0,0,0,1,0,0,0,0.5,08-12-2016,0,1,0,42017,42017
FXI179,Intern - Big Data Analytics,0,0,0,1,0,0,0,1,08-12-2016,0,1,0,42017,42017
FXI179,Intern - Big Data Analytics,0,0,0,1,0,0,0,0.5,08-12-2016,0,1,0,12017,12017
FXI179,Intern - Big Data Analytics,0,0,0,1,0,0,0,0.5,08-12-2016,0,1,0,52017,52017
FXI179,Intern - Big Data Analytics,0,0,0,1,0,0,0,1,08-12-2016,0,1,0,52017,52017
FXI179,Intern - Big Data Analytics,0,0,0,1,0,0,0,1,08-12-2016,0,1,0,52017,52017
FXI179,Intern - Big Data Analytics,0,0,0,1,0,0,0,1,08-12-2016,0,1,0,52017,52017
FXI179,Intern - Big Data Analytics,0,0,0,0,0,1,0,5,08-12-2016,0,1,0,32017,32017
FXI179,Intern - Big Data Analytics,0,0,0,1,0,0,0,0.5,08-12-2016,0,0,1,22017,22017
FXI179,Intern - Big Data Analytics,0,0,0,1,0,0,0,1,08-12-2016,0,0,1,22017,22017
FXI179,Intern - Big Data Analytics,0,0,0,0,0,1,0,0.5,08-12-2016,0,0,1,52017,52017
FXI177,Intern - Big Data Analytics,0,0,0,1,0,0,0,1,08-12-2016,0,1,0,32017,32017
FXI177,Intern - Big Data Analytics,0,0,0,1,0,0,0,1,08-12-2016,0,1,0,32017,32017
FXI177,Intern - Big Data Analytics,0,0,0,1,0,0,0,0.5,08-12-2016,0,1,0,52017,52017
FXI177,Intern - Big Data Analytics,0,0,0,0,0,1,0,1,08-12-2016,0,1,0,42017,42017
FXI177,Intern - Big Data Analytics,0,0,0,0,0,1,0,1,08-12-2016,0,1,0,42017,42017
FXI177,Intern - Big Data Analytics,0,0,0,0,0,1,0,3,08-12-2016,0,1,0,22017,22017
FXI177,Intern - Big Data Analytics,0,0,0,0,0,1,0,5,08-12-2016,0,1,0,52017,52017
FXI178,Intern - Big Data Analytics,1,0,0,0,0,0,0,1,08-12-2016,1,0,0,42017,42017
FXI178,Intern - Big Data Analytics,1,0,0,0,0,0,0,0.5,08-12-2016,1,0,0,42017,42017
FXI178,Intern - Big Data Analytics,1,0,0,0,0,0,0,0.5,08-12-2016,1,0,0,42017,42017
FXI180,Intern - Big Data Analytics,0,0,0,1,0,0,0,1,08-12-2016,0,1,0,52017,52017
FXI180,Intern - Big Data Analytics,0,0,0,0,0,1,0,0.5,08-12-2016,0,1,0,52017,52017
FXI181,Intern - Big Data Analytics,0,0,0,1,0,0,0,1,08-12-2016,0,1,0,42017,42017
FXI181,Intern - Big Data Analytics,0,0,0,1,0,0,0,1,08-12-2016,0,1,0,12017,12017
FXI181,Intern - Big Data Analytics,0,0,0,1,0,0,0,1,08-12-2016,0,1,0,12017,12017
FXI181,Intern - Big Data Analytics,0,0,0,1,0,0,0,1,08-12-2016,0,1,0,12017,12017
FXI181,Intern - Big Data Analytics,0,0,0,1,0,0,0,0.5,08-12-2016,0,1,0,12017,12017
FXI181,Intern - Big Data Analytics,0,0,0,1,0,0,0,0.5,08-12-2016,0,1,0,32017,32017
FXI181,Intern - Big Data Analytics,0,0,0,1,0,0,0,1,08-12-2016,0,1,0,52017,52017
FXI181,Intern - Big Data Analytics,0,0,0,0,0,1,0,0.5,08-12-2016,0,1,0,22017,22017
FXI181,Intern - Big Data Analytics,0,0,0,0,0,1,0,1,08-12-2016,0,1,0,22017,22017
FXI183,Intern - Big Data Analytics,0,0,0,1,0,0,0,1,08-12-2016,0,1,0,42017,42017
FXI183,Intern - Big Data Analytics,0,0,0,1,0,0,0,1,08-12-2016,0,1,0,122016,122016
FXI183,Intern - Big Data Analytics,0,0,0,1,0,0,0,1,08-12-2016,0,1,0,12017,12017
FXI183,Intern - Big Data Analytics,0,0,0,1,0,0,0,1,08-12-2016,0,1,0,52017,52017
FXI183,Intern - Big Data Analytics,0,0,0,0,0,1,0,1,08-12-2016,0,1,0,22017,22017
FXI183,Intern - Big Data Analytics,0,0,0,1,0,0,0,1,08-12-2016,0,1,0,32017,32017
FXI216,Intern - Big Data Analytics,1,0,0,0,0,0,0,0.5,02-01-2017,1,0,0,22017,22017
FXI216,Intern - Big Data Analytics,1,0,0,0,0,0,0,0.5,02-01-2017,1,0,0,22017,22017
FXI184,Intern - Big Data Analytics,0,0,0,1,0,0,0,1,08-12-2016,0,1,0,42017,42017
FXI184,Intern - Big Data Analytics,0,0,0,1,0,0,0,1,08-12-2016,0,1,0,12017,12017
FXI184,Intern - Big Data Analytics,0,0,0,1,0,0,0,1,08-12-2016,0,1,0,32017,32017
FXI184,Intern - Big Data Analytics,0,0,0,1,0,0,0,1,08-12-2016,0,1,0,52017,52017
FXI184,Intern - Big Data Analytics,0,0,0,0,0,1,0,1,08-12-2016,0,1,0,42017,42017
FXI184,Intern - Big Data Analytics,0,0,0,0,0,1,0,1,08-12-2016,0,1,0,42017,42017
FXI184,Intern - Big Data Analytics,0,0,0,0,0,1,0,1,08-12-2016,0,1,0,42017,42017
FXI184,Intern - Big Data Analytics,0,0,0,0,0,1,0,1,08-12-2016,0,1,0,22017,22017
FXI184,Intern - Big Data Analytics,0,0,0,1,0,0,0,1,08-12-2016,0,0,1,22017,22017
FXI184,Intern - Big Data Analytics,0,0,0,0,0,1,0,0.5,08-12-2016,0,0,1,52017,52017
FXI187,Intern - Big Data Analytics,0,0,0,1,0,0,0,1,08-12-2016,0,1,0,42017,42017
FXI187,Intern - Big Data Analytics,0,0,0,1,0,0,0,1,08-12-2016,0,1,0,12017,12017
FXI187,Intern - Big Data Analytics,0,0,0,1,0,0,0,1,08-12-2016,0,1,0,32017,32017
FXI187,Intern - Big Data Analytics,0,0,0,1,0,0,0,1,08-12-2016,0,1,0,52017,52017
FXI187,Intern - Big Data Analytics,0,0,0,0,0,1,0,1,08-12-2016,0,1,0,42017,42017
FXI187,Intern - Big Data Analytics,0,0,0,0,0,1,0,1,08-12-2016,0,1,0,42017,42017
FXI187,Intern - Big Data Analytics,0,0,0,0,0,1,0,0.5,08-12-2016,0,1,0,42017,42017
FXI187,Intern - Big Data Analytics,0,0,0,0,0,1,0,0.5,08-12-2016,0,1,0,22017,22017
FXI187,Intern - Big Data Analytics,0,0,0,0,0,1,0,1,08-12-2016,0,1,0,22017,22017
FXI187,Intern - Big Data Analytics,0,0,0,0,0,1,0,0.5,08-12-2016,0,1,0,22017,22017
FXI187,Intern - Big Data Analytics,0,0,0,0,0,1,0,1,08-12-2016,0,1,0,32017,32017
FXI187,Intern - Big Data Analytics,0,0,0,1,0,0,0,0.5,08-12-2016,0,0,1,22017,22017
FXI187,Intern - Big Data Analytics,0,0,0,0,0,1,0,1,08-12-2016,0,0,1,52017,52017
FXI187,Intern - Big Data Analytics,0,0,0,0,0,1,0,1,08-12-2016,0,0,1,52017,52017
FXI188,Intern - Big Data Analytics,0,0,0,1,0,0,0,1,12-12-2016,0,1,0,22017,22017
FXI188,Intern - Big Data Analytics,0,0,0,1,0,0,0,1,12-12-2016,0,1,0,12017,12017
FXI188,Intern - Big Data Analytics,0,0,0,0,0,1,0,2,12-12-2016,0,1,0,22017,22017
FXI205,Intern - Big Data Analytics,0,0,0,1,0,0,0,0.5,16-12-2017,0,1,0,52017,52017
FXI205,Intern - Big Data Analytics,0,0,0,1,0,0,0,0.5,16-12-2017,0,1,0,52017,52017
FXI210,Intern - Big Data Analytics,0,0,0,1,0,0,0,1,02-01-2017,0,1,0,42017,42017
FXI210,Intern - Big Data Analytics,0,0,0,1,0,0,0,1,02-01-2017,0,1,0,22017,22017
FXI210,Intern - Big Data Analytics,0,0,0,1,0,0,0,1,02-01-2017,0,1,0,32017,32017
FXI210,Intern - Big Data Analytics,0,0,0,1,0,0,0,1,02-01-2017,0,1,0,32017,32017
FXI210,Intern - Big Data Analytics,0,0,0,0,0,1,0,2,02-01-2017,0,1,0,32017,32017
FXI193,Intern - Big Data Analytics,0,0,0,1,0,0,0,0.5,15-12-2016,0,1,0,22017,22017
FXI193,Intern - Big Data Analytics,0,0,0,1,0,0,0,0.5,15-12-2016,0,1,0,22017,22017
FXI191,Intern - Big Data Analytics,0,0,0,1,0,0,0,0.5,15-12-2016,0,1,0,42017,42017
FXI191,Intern - Big Data Analytics,0,0,0,1,0,0,0,1,15-12-2016,0,1,0,42017,42017
FXI191,Intern - Big Data Analytics,0,0,0,1,0,0,0,1,15-12-2016,0,1,0,22017,22017
FXI191,Intern - Big Data Analytics,0,0,0,1,0,0,0,1,15-12-2016,0,1,0,32017,32017
FXI191,Intern - Big Data Analytics,0,0,0,0,0,1,0,1,15-12-2016,0,1,0,22017,22017
FXI191,Intern - Big Data Analytics,0,0,0,0,0,1,0,0.5,15-12-2016,0,1,0,32017,32017
FXI191,Intern - Big Data Analytics,0,0,0,0,0,1,0,1,15-12-2016,0,1,0,32017,32017
FXI192,Intern - Big Data Analytics,0,0,0,1,0,0,0,0.5,15-12-2016,0,1,0,32017,32017
FXI192,Intern - Big Data Analytics,0,0,0,0,0,1,0,5,15-12-2016,0,1,0,32017,32017
FXI192,Intern - Big Data Analytics,0,0,0,0,0,1,0,3,15-12-2016,0,1,0,52017,52017
FXI190,Intern - Big Data Analytics,0,0,0,1,0,0,0,1,15-12-2016,0,1,0,32017,32017
FXI190,Intern - Big Data Analytics,0,0,0,0,0,1,0,1,15-12-2016,0,1,0,12017,12017
FXI190,Intern - Big Data Analytics,0,0,0,0,0,1,0,1,15-12-2016,0,1,0,12017,12017
FXI190,Intern - Big Data Analytics,0,0,0,1,0,0,0,1,15-12-2016,0,1,0,52017,52017
FXI195,Intern - Big Data Analytics,0,0,0,1,0,0,0,0.5,15-12-2016,0,1,0,42017,42017
FXI195,Intern - Big Data Analytics,0,0,0,1,0,0,0,0.5,15-12-2016,0,1,0,42017,42017
FXI195,Intern - Big Data Analytics,0,0,0,0,0,1,0,5,15-12-2016,0,1,0,12017,12017
FXI209,Intern - Big Data Analytics,0,0,0,1,0,0,0,1,16-12-2016,0,1,0,32017,32017
FXI209,Intern - Big Data Analytics,0,0,0,1,0,0,0,1,16-12-2016,0,1,0,52017,52017
FXI209,Intern - Big Data Analytics,0,0,0,0,0,1,0,0.5,16-12-2016,0,1,0,32017,32017
FXI209,Intern - Big Data Analytics,0,0,0,0,0,1,0,3,16-12-2016,0,1,0,52017,52017
FXI196,Intern - Big Data Analytics,0,0,0,1,0,0,0,0.5,05-01-2017,0,1,0,42017,42017
FXI196,Intern - Big Data Analytics,0,0,0,1,0,0,0,0.5,05-01-2017,0,1,0,32017,32017
FXI196,Intern - Big Data Analytics,0,0,0,0,0,1,0,2,05-01-2017,0,1,0,32017,32017
FXI196,Intern - Big Data Analytics,0,0,0,0,0,1,0,8,05-01-2017,0,0,1,32017,32017
FXI196,Intern - Big Data Analytics,0,0,0,0,0,1,0,1,05-01-2017,0,1,0,32017,32017
FXI212,Intern - Big Data Analytics,0,0,0,1,0,0,0,1,02-01-2017,0,1,0,42017,42017
FXI212,Intern - Big Data Analytics,0,0,0,1,0,0,0,1,02-01-2017,0,1,0,52017,52017
FXI212,Intern - Big Data Analytics,0,0,0,1,0,0,0,0.5,02-01-2017,0,1,0,52017,52017
FXI212,Intern - Big Data Analytics,0,0,0,0,0,1,0,1,02-01-2017,0,1,0,42017,42017
FXI212,Intern - Big Data Analytics,0,0,0,0,0,1,0,1,02-01-2017,0,1,0,42017,42017
FXI212,Intern - Big Data Analytics,0,0,0,0,0,1,0,2,02-01-2017,0,1,0,52017,52017
FXI211,Intern - Big Data Analytics,0,0,0,1,0,0,0,0.5,02-01-2017,0,1,0,32017,32017
FXI211,Intern - Big Data Analytics,0,0,0,1,0,0,0,1,02-01-2017,0,1,0,52017,52017
FXI211,Intern - Big Data Analytics,0,0,0,1,0,0,0,0.5,02-01-2017,0,1,0,52017,52017
FXI197,Intern - Big Data Analytics,0,0,0,1,0,0,0,1,15-12-2016,0,1,0,42017,42017
FXI197,Intern - Big Data Analytics,0,0,0,1,0,0,0,1,15-12-2016,0,1,0,22017,22017
FXI197,Intern - Big Data Analytics,0,0,0,1,0,0,0,0.5,15-12-2016,0,1,0,52017,52017
FXI293,Intern - Big Data Analytics,1,0,0,0,0,0,0,1,02-03-2017,1,0,0,32017,32017
FXI293,Intern - Big Data Analytics,1,0,0,0,0,0,0,1,02-03-2017,1,0,0,32017,32017
FXI293,Intern - Big Data Analytics,1,0,0,0,0,0,0,1,02-03-2017,1,0,0,42017,42017
FXI199,Intern - Big Data Analytics,0,0,0,1,0,0,0,1,15-12-2016,0,1,0,12017,12017
FXI199,Intern - Big Data Analytics,0,0,0,1,0,0,0,1,15-12-2016,0,1,0,32017,32017
FXI199,Intern - Big Data Analytics,0,0,0,1,0,0,0,1,15-12-2016,0,1,0,32017,32017
FXI199,Intern - Big Data Analytics,0,0,0,1,0,0,0,1,15-12-2016,0,1,0,52017,52017
FXI199,Intern - Big Data Analytics,0,0,0,0,0,1,0,1,15-12-2016,0,1,0,22017,22017
FXI199,Intern - Big Data Analytics,0,0,0,0,0,1,0,3,15-12-2016,0,1,0,22017,22017
FXI199,Intern - Big Data Analytics,0,0,0,0,0,1,0,0.5,15-12-2016,0,1,0,12017,12017
FXI199,Intern - Big Data Analytics,0,0,0,0,0,1,0,2,15-12-2016,0,1,0,32017,32017
FXI199,Intern - Big Data Analytics,0,0,0,0,0,1,0,1,15-12-2016,0,0,1,52017,52017
FXI200,Intern - Big Data Analytics,0,0,0,1,0,0,0,0.5,15-12-2016,0,1,0,42017,42017
FXI200,Intern - Big Data Analytics,0,0,0,1,0,0,0,0.5,15-12-2016,0,1,0,12017,12017
FXI200,Intern - Big Data Analytics,0,0,0,1,0,0,0,1,15-12-2016,0,1,0,32017,32017
FXI200,Intern - Big Data Analytics,0,0,0,1,0,0,0,1,15-12-2016,0,1,0,32017,32017
FXI200,Intern - Big Data Analytics,0,0,0,0,0,1,0,1,15-12-2016,0,1,0,12017,12017
FXI206,Intern - Big Data Analytics,0,0,0,1,0,0,0,1,16-12-2017,0,1,0,42017,42017
FXI206,Intern - Big Data Analytics,0,0,0,1,0,0,0,1,16-12-2017,0,1,0,12017,12017
FXI206,Intern - Big Data Analytics,0,0,0,1,0,0,0,0.5,16-12-2017,0,1,0,12017,12017
FXI206,Intern - Big Data Analytics,0,0,0,1,0,0,0,1,16-12-2017,0,1,0,32017,32017
FXI206,Intern - Big Data Analytics,0,0,0,1,0,0,0,1,16-12-2017,0,1,0,32017,32017
FXI206,Intern - Big Data Analytics,0,0,0,1,0,0,0,1,16-12-2017,0,1,0,52017,52017
FXI206,Intern - Big Data Analytics,0,0,0,0,0,1,0,1,16-12-2017,0,1,0,42017,42017
FXI206,Intern - Big Data Analytics,0,0,0,0,0,1,0,1,16-12-2017,0,1,0,42017,42017
FXI206,Intern - Big Data Analytics,0,0,0,0,0,1,0,1,16-12-2017,0,1,0,12017,12017
FXI206,Intern - Big Data Analytics,0,0,0,0,0,1,0,0.5,16-12-2017,0,1,0,12017,12017
FXI206,Intern - Big Data Analytics,0,0,0,0,0,1,0,2,16-12-2017,0,1,0,12017,12017
FXI201,Intern - Big Data Analytics,0,0,0,1,0,0,0,1,15-12-2016,0,1,0,42017,42017
FXI201,Intern - Big Data Analytics,0,0,0,1,0,0,0,1,15-12-2016,0,1,0,12017,12017
FXI201,Intern - Big Data Analytics,0,0,0,1,0,0,0,1,15-12-2016,0,1,0,32017,32017
FXI201,Intern - Big Data Analytics,0,0,0,1,0,0,0,0.5,15-12-2016,0,1,0,32017,32017
FXI201,Intern - Big Data Analytics,0,0,0,1,0,0,0,0.5,15-12-2016,0,1,0,52017,52017
FXI203,Intern - Big Data Analytics,0,0,0,1,0,0,0,0.5,15-12-2016,0,1,0,122016,122016
FXI203,Intern - Big Data Analytics,0,0,0,1,0,0,0,0.5,15-12-2016,0,1,0,22017,22017
FXI203,Intern - Big Data Analytics,0,0,0,1,0,0,0,1,15-12-2016,0,1,0,52017,52017
FXI203,Intern - Big Data Analytics,0,0,0,0,0,1,0,1,15-12-2016,0,1,0,42017,42017
FXI203,Intern - Big Data Analytics,0,0,0,0,0,1,0,4,15-12-2016,0,1,0,42017,42017
FXI204,Intern - Big Data Analytics,0,0,0,1,0,0,0,1,15-12-2016,0,1,0,42017,42017
FXI204,Intern - Big Data Analytics,0,0,0,1,0,0,0,0.5,15-12-2016,0,1,0,42017,42017
FXI204,Intern - Big Data Analytics,0,0,0,1,0,0,0,1,15-12-2016,0,1,0,42017,42017
FXI204,Intern - Big Data Analytics,0,0,0,1,0,0,0,0.5,15-12-2016,0,1,0,122016,122016
FXI204,Intern - Big Data Analytics,0,0,0,1,0,0,0,1,15-12-2016,0,1,0,32017,32017
FXI204,Intern - Big Data Analytics,0,0,0,0,0,1,0,2,15-12-2016,0,1,0,42017,42017
FXI204,Intern - Big Data Analytics,0,0,0,0,0,1,0,1,15-12-2016,0,1,0,32017,32017
FXI204,Intern - Big Data Analytics,0,0,0,0,0,1,0,1,15-12-2016,0,1,0,32017,32017
FXI204,Intern - Big Data Analytics,0,0,0,0,0,1,0,1,15-12-2016,0,1,0,32017,32017
FXI204,Intern - Big Data Analytics,0,0,0,0,0,1,0,2,15-12-2016,0,1,0,32017,32017
FXI204,Intern - Big Data Analytics,0,0,0,0,0,1,0,11,15-12-2016,0,1,0,52017,52017
FXI271,Intern - Big Data Analytics,0,0,0,1,0,0,0,1,13-02-2017,0,1,0,42017,42017
FXI271,Intern - Big Data Analytics,0,0,0,1,0,0,0,1,13-02-2017,0,1,0,32017,32017
FXI202,Intern - Big Data Analytics,0,0,0,1,0,0,0,0.5,02-01-2017,0,1,0,32017,32017
FXI202,Intern - Big Data Analytics,0,0,0,1,0,0,0,0.5,02-01-2017,0,1,0,52017,52017
FXI202,Intern - Big Data Analytics,0,0,0,1,0,0,0,1,02-01-2017,0,1,0,52017,52017
FXI202,Intern - Big Data Analytics,0,0,0,1,0,0,0,1,02-01-2017,0,1,0,52017,52017
FXI202,Intern - Big Data Analytics,0,0,0,1,0,0,0,0.5,02-01-2017,0,0,1,22017,22017
FXI214,Intern - Big Data Analytics,0,0,0,0,0,1,0,5,02-01-2017,0,1,0,42017,42017
FXI215,Intern - Big Data Analytics,0,0,0,1,0,0,0,1,02-01-2017,0,1,0,52017,52017
FXI215,Intern - Big Data Analytics,0,0,0,0,0,1,0,5,02-01-2017,0,1,0,42017,42017
FXI217,Intern - Big Data Analytics,0,0,0,1,0,0,0,1,02-01-2017,0,1,0,22017,22017
FXI217,Intern - Big Data Analytics,0,0,0,1,0,0,0,0.5,02-01-2017,0,1,0,12017,12017
FXI217,Intern - Big Data Analytics,0,0,0,1,0,0,0,1,02-01-2017,0,1,0,32017,32017
FXI217,Intern - Big Data Analytics,0,0,0,1,0,0,0,1,02-01-2017,0,1,0,32017,32017
FXI217,Intern - Big Data Analytics,0,0,0,0,0,1,0,2,02-01-2017,0,1,0,22017,22017
FXI217,Intern - Big Data Analytics,0,0,0,0,0,1,0,1,02-01-2017,0,1,0,32017,32017
FXI217,Intern - Big Data Analytics,0,0,0,0,0,1,0,0.5,02-01-2017,0,1,0,32017,32017
FXI217,Intern - Big Data Analytics,0,0,0,0,0,1,0,1,02-01-2017,0,1,0,52017,52017
FXI217,Intern - Big Data Analytics,0,0,0,0,0,1,0,1,02-01-2017,0,0,1,52017,52017
FXI220,Intern - Big Data Analytics,0,0,0,1,0,0,0,1,09-01-2017,0,1,0,42017,42017
FXI220,Intern - Big Data Analytics,0,0,0,1,0,0,0,0.5,09-01-2017,0,1,0,22017,22017
FXI220,Intern - Big Data Analytics,0,0,0,1,0,0,0,1,09-01-2017,0,1,0,52017,52017
FXI220,Intern - Big Data Analytics,0,0,0,0,0,1,0,0.5,09-01-2017,0,1,0,32017,32017
FXI220,Intern - Big Data Analytics,0,0,0,0,0,1,0,1,09-01-2017,0,1,0,52017,52017
FXI220,Intern - Big Data Analytics,0,0,0,0,0,1,0,1,09-01-2017,0,1,0,52017,52017
FXI101,Intern - Big Data Analytics,0,0,0,1,0,0,0,0.5,17-02-2016,0,1,0,42017,42017
FXI101,Intern - Big Data Analytics,0,0,0,1,0,0,0,1,17-02-2016,0,1,0,12017,12017
FXI101,Intern - Big Data Analytics,0,0,0,0,0,1,0,1,17-02-2016,0,1,0,42017,42017
FXI101,Intern - Big Data Analytics,0,0,0,0,0,1,0,0.5,17-02-2016,0,1,0,42017,42017
FXI101,Intern - Big Data Analytics,0,0,0,0,0,1,0,2,17-02-2016,0,1,0,52017,52017
FXI224,Intern - Big Data Analytics,0,0,0,1,0,0,0,NA,02-01-2017,0,1,0,32017,32017
FXI222,Intern - Big Data Analytics,0,0,0,1,0,0,0,1,05-01-2017,0,1,0,12017,12017
FXI221,Intern - Big Data Analytics,0,0,0,1,0,0,0,0.5,05-01-2017,0,1,0,42017,42017
FXI221,Intern - Big Data Analytics,0,0,0,1,0,0,0,1,05-01-2017,0,1,0,22017,22017
FXI221,Intern - Big Data Analytics,0,0,0,1,0,0,0,0.5,05-01-2017,0,1,0,12017,12017
FXI221,Intern - Big Data Analytics,0,0,0,1,0,0,0,1,05-01-2017,0,1,0,32017,32017
FXI221,Intern - Big Data Analytics,0,0,0,1,0,0,0,0.5,05-01-2017,0,1,0,32017,32017
FXI221,Intern - Big Data Analytics,0,0,0,1,0,0,0,0.5,05-01-2017,0,1,0,32017,32017
FXI221,Intern - Big Data Analytics,0,0,0,1,0,0,0,1,05-01-2017,0,1,0,32017,32017
FXI221,Intern - Big Data Analytics,0,0,0,0,0,1,0,0.5,05-01-2017,0,1,0,22017,22017
FXI223,Intern - Big Data Analytics,0,0,0,1,0,0,0,0.5,09-01-2017,0,1,0,42017,42017
FXI223,Intern - Big Data Analytics,0,0,0,1,0,0,0,0.5,09-01-2017,0,1,0,42017,42017
FXI223,Intern - Big Data Analytics,0,0,0,1,0,0,0,0.5,09-01-2017,0,1,0,22017,22017
FXI223,Intern - Big Data Analytics,0,0,0,1,0,0,0,0.5,09-01-2017,0,1,0,32017,32017
FXI223,Intern - Big Data Analytics,0,0,0,0,0,1,0,2,09-01-2017,0,1,0,22017,22017
FXI223,Intern - Big Data Analytics,0,0,0,0,0,1,0,8,09-01-2017,0,0,1,22017,22017
FXI229,Intern - Big Data Analytics,0,0,0,1,0,0,0,1,20-01-2017,0,1,0,42017,42017
FXI229,Intern - Big Data Analytics,0,0,0,1,0,0,0,1,20-01-2017,0,1,0,42017,42017
FXI229,Intern - Big Data Analytics,0,0,0,1,0,0,0,1,20-01-2017,0,1,0,42017,42017
FXI229,Intern - Big Data Analytics,0,0,0,1,0,0,0,1,20-01-2017,0,1,0,42017,42017
FXI229,Intern - Big Data Analytics,0,0,0,1,0,0,0,1,20-01-2017,0,1,0,42017,42017
FXI229,Intern - Big Data Analytics,0,0,0,1,0,0,0,1,20-01-2017,0,1,0,22017,22017
FXI229,Intern - Big Data Analytics,0,0,0,1,0,0,0,1,20-01-2017,0,1,0,32017,32017
FXI229,Intern - Big Data Analytics,0,0,0,1,0,0,0,1,20-01-2017,0,1,0,52017,52017
FXI229,Intern - Big Data Analytics,0,0,0,1,0,0,0,1,20-01-2017,0,1,0,52017,52017
FXI229,Intern - Big Data Analytics,0,0,0,0,0,1,0,0.5,20-01-2017,0,1,0,22017,22017
FXI253,Intern - Big Data Analytics,0,0,0,1,0,0,0,0.5,02-02-2017,0,1,0,32017,32017
FXI253,Intern - Big Data Analytics,0,0,0,0,0,1,0,3,02-02-2017,0,1,0,42017,42017
FXI280,Intern - Big Data Analytics,0,0,0,1,0,0,0,0.5,20-02-2017,0,1,0,42017,42017
FXI280,Intern - Big Data Analytics,0,0,0,1,0,0,0,1,20-02-2017,0,1,0,42017,42017
FXI280,Intern - Big Data Analytics,0,0,0,1,0,0,0,0.5,20-02-2017,0,1,0,42017,42017
FXI280,Intern - Big Data Analytics,0,0,0,1,0,0,0,1,20-02-2017,0,1,0,52017,52017
FXI280,Intern - Big Data Analytics,0,0,0,1,0,0,0,0.5,20-02-2017,0,1,0,52017,52017
FXI280,Intern - Big Data Analytics,0,0,0,0,0,1,0,1,20-02-2017,0,1,0,42017,42017
FXI280,Intern - Big Data Analytics,0,0,0,0,0,1,0,1,20-02-2017,0,1,0,42017,42017
FXI280,Intern - Big Data Analytics,0,0,0,0,0,1,0,5,20-02-2017,0,1,0,32017,32017
FXI280,Intern - Big Data Analytics,0,0,0,0,0,1,0,2,20-02-2017,0,1,0,52017,52017
FXI280,Intern - Big Data Analytics,0,0,0,0,0,1,0,0.5,20-02-2017,0,1,0,52017,52017
FXI231,Intern - Big Data Analytics,0,0,0,1,0,0,0,1,20-01-2017,0,1,0,42017,42017
FXI231,Intern - Big Data Analytics,0,0,0,0,0,1,0,3,20-01-2017,0,1,0,42017,42017
FXI231,Intern - Big Data Analytics,0,0,0,0,0,1,0,2,20-01-2017,0,1,0,32017,32017
FXI231,Intern - Big Data Analytics,0,0,0,0,0,1,0,2,20-01-2017,0,1,0,32017,32017
FXI242,Intern - Big Data Analytics,1,0,0,0,0,0,0,1,31-01-2017,0,1,0,32017,32017
FXI242,Intern - Big Data Analytics,1,0,0,0,0,0,0,1,31-01-2017,0,1,0,52017,52017
FXI242,Intern - Big Data Analytics,1,0,0,0,0,0,0,0.5,31-01-2017,0,1,0,42017,42017
FXI230,Intern - Big Data Analytics,0,0,0,1,0,0,0,1,20-01-2017,0,1,0,42017,42017
FXI230,Intern - Big Data Analytics,0,0,0,1,0,0,0,0.5,20-01-2017,0,1,0,42017,42017
FXI230,Intern - Big Data Analytics,0,0,0,1,0,0,0,1,20-01-2017,0,1,0,22017,22017
FXI230,Intern - Big Data Analytics,0,0,0,1,0,0,0,1,20-01-2017,0,1,0,32017,32017
FXI230,Intern - Big Data Analytics,0,0,0,1,0,0,0,1,20-01-2017,0,1,0,52017,52017
FXI230,Intern - Big Data Analytics,0,0,0,0,0,1,0,1,20-01-2017,0,1,0,42017,42017
FXI230,Intern - Big Data Analytics,0,0,0,0,0,1,0,0.5,20-01-2017,0,1,0,42017,42017
FXI230,Intern - Big Data Analytics,0,0,0,0,0,1,0,0.5,20-01-2017,0,1,0,32017,32017
FXI230,Intern - Big Data Analytics,0,0,0,0,0,1,0,1,20-01-2017,0,1,0,32017,32017
FXI230,Intern - Big Data Analytics,0,0,0,0,0,1,0,1.5,20-01-2017,0,1,0,32017,32017
FXI230,Intern - Big Data Analytics,0,0,0,0,0,1,0,1,20-01-2017,0,1,0,32017,32017
FXI230,Intern - Big Data Analytics,0,0,0,0,0,1,0,1,20-01-2017,0,1,0,52017,52017
FXI230,Intern - Big Data Analytics,0,0,0,0,0,1,0,1,20-01-2017,0,1,0,52017,52017
FXI230,Intern - Big Data Analytics,0,0,0,0,0,1,0,1,20-01-2017,0,1,0,52017,52017
FXI241,Intern - Big Data Analytics,0,0,0,1,0,0,0,1,30-01-2017,0,1,0,32017,32017
FXI241,Intern - Big Data Analytics,0,0,0,1,0,0,0,1,30-01-2017,0,1,0,32017,32017
FXI241,Intern - Big Data Analytics,0,0,0,1,0,0,0,1,30-01-2017,0,1,0,52017,52017
FXI241,Intern - Big Data Analytics,0,0,0,0,0,1,0,0.5,30-01-2017,0,1,0,42017,42017
FXI241,Intern - Big Data Analytics,0,0,0,0,0,1,0,1,30-01-2017,0,1,0,22017,22017
FXI241,Intern - Big Data Analytics,0,0,0,0,0,1,0,0.5,30-01-2017,0,1,0,52017,52017
FXI241,Intern - Big Data Analytics,0,0,0,0,0,1,0,0.5,30-01-2017,0,1,0,52017,52017
FXI243,Intern - Big Data Analytics,0,0,0,1,0,0,0,0.5,30-01-2017,0,1,0,32017,32017
FXI243,Intern - Big Data Analytics,0,0,0,1,0,0,0,1,30-01-2017,0,1,0,52017,52017
FXI243,Intern - Big Data Analytics,0,0,0,0,0,1,0,6,30-01-2017,0,1,0,42017,42017
FXI243,Intern - Big Data Analytics,0,0,0,0,0,1,0,2,30-01-2017,0,1,0,42017,42017
FXI243,Intern - Big Data Analytics,0,0,0,0,0,1,0,2,30-01-2017,0,1,0,52017,52017
FXI243,Intern - Big Data Analytics,0,0,0,0,0,1,0,2,30-01-2017,0,0,1,52017,52017
FXI243,Intern - Big Data Analytics,0,0,0,1,0,0,0,0.5,30-01-2017,0,1,0,52017,52017
FXI228,Intern - Big Data Analytics,0,0,0,0,0,1,0,0.5,20-01-2017,0,1,0,42017,42017
FXI228,Intern - Big Data Analytics,0,0,0,1,0,0,0,1,20-01-2017,0,1,0,42017,42017
FXI228,Intern - Big Data Analytics,0,0,0,1,0,0,0,1,20-01-2017,0,1,0,12017,12017
FXI228,Intern - Big Data Analytics,0,0,0,1,0,0,0,0.5,20-01-2017,0,1,0,32017,32017
FXI228,Intern - Big Data Analytics,0,0,0,0,0,1,0,1,20-01-2017,0,1,0,22017,22017
FXI245,Intern - Big Data Analytics,0,0,0,1,0,0,0,1,31-01-2017,0,1,0,42017,42017
FXI245,Intern - Big Data Analytics,0,0,0,1,0,0,0,1,31-01-2017,0,1,0,42017,42017
FXI245,Intern - Big Data Analytics,0,0,0,1,0,0,0,1,31-01-2017,0,1,0,32017,32017
FXI245,Intern - Big Data Analytics,0,0,0,0,0,1,0,0.5,31-01-2017,0,1,0,32017,32017
FXI245,Intern - Big Data Analytics,0,0,0,0,0,1,0,0.5,31-01-2017,0,1,0,32017,32017
FXI245,Intern - Big Data Analytics,0,0,0,0,0,1,0,0.5,31-01-2017,0,1,0,52017,52017
FXI245,Intern - Big Data Analytics,0,0,0,0,0,1,0,0.5,31-01-2017,0,1,0,52017,52017
FXI245,Intern - Big Data Analytics,0,0,0,0,0,1,0,2,31-01-2017,0,1,0,52017,52017
FXI264,Intern - Big Data Analytics,0,0,0,1,0,0,0,1,08-02-2017,0,1,0,22017,22017
FXI264,Intern - Big Data Analytics,0,0,0,1,0,0,0,1,08-02-2017,0,1,0,32017,32017
FXI264,Intern - Big Data Analytics,0,0,0,1,0,0,0,1,08-02-2017,0,1,0,52017,52017
FXI264,Intern - Big Data Analytics,0,0,0,0,0,1,0,1,08-02-2017,0,1,0,32017,32017
FXI264,Intern - Big Data Analytics,0,0,0,0,0,1,0,1,08-02-2017,0,1,0,52017,52017
FXI264,Intern - Big Data Analytics,0,0,0,0,0,1,0,1,08-02-2017,0,1,0,52017,52017
FXI265,Intern - Big Data Analytics,1,0,0,0,0,0,0,1,08-02-2017,1,0,0,42017,42017
FXI246,Intern - Big Data Analytics,0,0,0,1,0,0,0,1,31-01-2017,0,1,0,42017,42017
FXI246,Intern - Big Data Analytics,0,0,0,1,0,0,0,1,31-01-2017,0,1,0,42017,42017
FXI246,Intern - Big Data Analytics,0,0,0,1,0,0,0,1,31-01-2017,0,1,0,22017,22017
FXI246,Intern - Big Data Analytics,0,0,0,1,0,0,0,1,31-01-2017,0,1,0,32017,32017
FXI246,Intern - Big Data Analytics,0,0,0,0,0,1,0,1,31-01-2017,0,1,0,42017,42017
FXI246,Intern - Big Data Analytics,0,0,0,0,0,1,0,0.5,31-01-2017,0,1,0,52017,52017
FXI246,Intern - Big Data Analytics,0,0,0,0,0,1,0,1,31-01-2017,0,1,0,52017,52017
FXI244,Intern - Big Data Analytics,0,0,0,1,0,0,0,1,30-01-2017,0,1,0,42017,42017
FXI244,Intern - Big Data Analytics,0,0,0,1,0,0,0,1,30-01-2017,0,1,0,42017,42017
FXI244,Intern - Big Data Analytics,0,0,0,1,0,0,0,1,30-01-2017,0,1,0,32017,32017
FXI244,Intern - Big Data Analytics,0,0,0,0,0,1,0,1,30-01-2017,0,1,0,42017,42017
FXI244,Intern - Big Data Analytics,0,0,0,0,0,1,0,1,30-01-2017,0,1,0,32017,32017
FXI244,Intern - Big Data Analytics,0,0,0,0,0,1,0,1,30-01-2017,0,1,0,52017,52017
FXI263,Intern - Big Data Analytics,0,0,0,1,0,0,0,1,06-02-2017,0,1,0,42017,42017
FXI263,Intern - Big Data Analytics,0,0,0,1,0,0,0,0.5,06-02-2017,0,1,0,32017,32017
FXI263,Intern - Big Data Analytics,0,0,0,0,0,1,0,1,06-02-2017,0,1,0,52017,52017
FXI263,Intern - Big Data Analytics,0,0,0,0,0,1,0,1,06-02-2017,0,1,0,52017,52017
FXI263,Intern - Big Data Analytics,0,0,0,0,0,1,0,2,06-02-2017,0,1,0,52017,52017
FXI262,Intern - Big Data Analytics,0,0,0,1,0,0,0,1,06-02-2017,0,1,0,42017,42017
FXI262,Intern - Big Data Analytics,0,0,0,1,0,0,0,0.5,06-02-2017,0,1,0,42017,42017
FXI262,Intern - Big Data Analytics,0,0,0,1,0,0,0,1,06-02-2017,0,1,0,22017,22017
FXI262,Intern - Big Data Analytics,0,0,0,1,0,0,0,1,06-02-2017,0,1,0,32017,32017
FXI262,Intern - Big Data Analytics,0,0,0,1,0,0,0,1,06-02-2017,0,1,0,52017,52017
FXI262,Intern - Big Data Analytics,0,0,0,1,0,0,0,1,06-02-2017,0,1,0,52017,52017
FXI262,Intern - Big Data Analytics,0,0,0,0,0,1,0,1.5,06-02-2017,0,1,0,32017,32017
FXI262,Intern - Big Data Analytics,0,0,0,0,0,1,0,1,06-02-2017,0,1,0,52017,52017
FXI298,Intern - Big Data Analytics,0,0,0,1,0,0,0,1,07-03-2017,0,1,0,52017,52017
FXI299,Intern - Big Data Analytics,0,0,0,0,0,0,1,1,07-03-2017,1,0,0,42017,42017
FXI299,Intern - Big Data Analytics,0,0,0,0,0,0,1,1,07-03-2017,1,0,0,52017,52017
FXI294,Intern - Big Data Analytics,0,0,0,1,0,0,0,0.5,02-03-2017,0,1,0,42017,42017
FXI294,Intern - Big Data Analytics,0,0,0,1,0,0,0,0.5,02-03-2017,0,1,0,42017,42017
FXI294,Intern - Big Data Analytics,0,0,0,0,0,1,0,1,02-03-2017,0,1,0,52017,52017
FXI294,Intern - Big Data Analytics,0,0,0,0,0,1,0,1,02-03-2017,0,1,0,52017,52017
FXI294,Intern - Big Data Analytics,0,0,0,0,0,1,0,0.5,02-03-2017,0,1,0,52017,52017
FXI292,Intern - Big Data Analytics,0,0,0,1,0,0,0,0.5,01-03-2017,0,1,0,42017,42017
FXI292,Intern - Big Data Analytics,0,0,0,1,0,0,0,1,01-03-2017,0,1,0,42017,42017
FXI292,Intern - Big Data Analytics,0,0,0,1,0,0,0,1,01-03-2017,0,1,0,32017,32017
FXI171,Intern - Big Data Analytics,0,0,0,0,0,1,0,1,0001-12-20,0,1,0,22017,22017
FXI171,Intern - Big Data Analytics,0,0,0,0,0,1,0,1,0001-12-20,0,1,0,32017,32017
FXI175,Intern - Big Data Analytics,0,0,0,0,0,1,0,1,0008-12-20,0,1,0,22017,22017
FXI175,Intern - Big Data Analytics,0,0,0,0,0,1,0,8,0008-12-20,0,1,0,32017,32017
FXI212,Intern - Big Data Analytics,0,0,0,0,0,1,0,4,0002-01-20,0,0,1,52017,52017
FXI212,Intern - Big Data Analytics,0,0,0,0,0,1,0,7,0002-01-20,0,0,1,62017,62017
FXI221,Intern - Big Data Analytics,0,0,0,0,0,1,0,7,0005-01-20,0,1,0,52017,52017
FXI221,Intern - Big Data Analytics,0,0,0,0,0,1,0,6,0005-01-20,0,1,0,62017,62017
VHR030,Forex Trader,0,0,0,1,0,0,0,2,0011-02-20,0,1,0,32017,32017
VHR030,Forex Trader,0,0,0,1,0,0,0,1,0011-02-20,0,1,0,42017,42017
VHR031,Forex Trader,0,0,0,1,0,0,0,1,0011-02-20,0,1,0,12017,12017
VHR031,Forex Trader,0,0,0,1,0,0,0,1,0011-02-20,0,1,0,22017,22017
VHR123,Trainee Dealer,0,1,0,0,0,0,0,0.5,0015-06-20,0,1,0,32017,32017
VHR123,Trainee Dealer,0,1,0,0,0,0,0,1,0015-06-20,0,1,0,42017,42017
VHR147,Trainee Dealer,0,0,0,0,0,1,0,1,0015-06-20,0,1,0,12017,12017
VHR147,Trainee Dealer,0,0,0,0,0,1,0,2,0015-06-20,0,1,0,22017,22017
VHR161,Trainee Dealer,0,0,0,0,0,1,0,8,0013-06-20,0,1,0,12017,12017
VHR161,Trainee Dealer,0,0,0,0,0,1,0,7,0013-06-20,0,1,0,22017,22017
VHR185,Trainee Dealer,0,0,0,0,0,1,0,0.5,0020-07-20,0,1,0,22017,22017
VHR186,Trainee Dealer,0,0,0,0,0,1,0,11,0020-07-20,0,1,0,22017,22017
VHR186,Trainee Dealer,0,0,0,0,0,1,0,3,0020-07-20,0,1,0,32017,32017
VHR195,Trainee Dealer,0,0,0,1,0,0,0,1,0001-06-20,0,1,0,22017,22017
VHR195,Trainee Dealer,0,0,0,1,0,0,0,3,0001-06-20,0,1,0,32017,32017
VHR222,Trainee Dealer,0,0,0,0,0,1,0,20,0001-02-20,0,0,1,42017,42017
VHR223,Trainee Dealer,0,0,0,0,0,1,0,11,0025-01-20,0,1,0,52017,52017
VHR223,Trainee Dealer,0,0,0,0,0,1,0,2,0025-01-20,0,1,0,62017,62017
VHR224,Trainee Dealer,0,0,0,0,0,1,0,2,0025-11-20,0,1,0,12017,12017
VHR224,Trainee Dealer,1,0,0,0,0,0,0,3,0025-11-20,1,0,0,12017,12017
VHR224,Trainee Dealer,0,0,0,0,0,1,0,3,0025-11-20,0,1,0,22017,22017
VHR224,Trainee Dealer,1,0,0,0,0,0,0,3,0025-11-20,1,0,0,22017,22017
VHR227,Trainee Dealer,0,0,0,0,0,1,0,1,0024-09-20,0,1,0,22017,22017
VHR227,Trainee Dealer,0,0,0,0,0,1,0,1,0024-09-20,0,1,0,32017,32017
VHR250,Trainee Dealer,0,0,0,0,0,1,0,2,0001-07-20,0,1,0,22017,22017
VHR250,Trainee Dealer,0,0,0,0,0,1,0,2,0001-07-20,0,1,0,32017,32017
VHR251,Trainee Dealer,0,0,0,0,0,1,0,4.5,0001-07-20,0,1,0,12017,12017
VHR251,Trainee Dealer,0,0,0,0,0,1,0,2.5,0001-07-20,0,1,0,22017,22017
